pred_moe_motor,pred_moe_total,residual_motor,residual_total
-0.938441,-0.9885822,0.018478629816270686,0.024125536639677314
0.35184887,0.2201421,0.014581602452209186,0.02111503902664591
1.6988447,1.3148409,0.03744872573517477,0.029806223891176264
1.0324539,1.8668116,0.0629651002333671,0.019604261645266297
0.45009333,0.42616755,-0.06166487879473309,-0.023678545702864373
0.8286142,0.3190718,0.162558849845034,-0.04859254797880097
0.62498415,0.44528088,0.03793017593130654,0.056192242954775984
-0.08613958,0.14794587,0.0415745145652867,0.12318276590981597
-0.1417674,-0.073499165,0.007132834495974266,-0.03590909397908475
0.805074,0.82569104,0.15371313778489148,0.13869750689534566
-1.0463839,-1.2988471,0.002988414783341664,-0.01544005509032953
0.40300372,-0.00983057,-0.13409761500368161,-0.11720372796709563
0.7701501,0.32002705,0.1445188239104761,-0.04954780181829377
-1.1748077,-1.1133238,0.023011081635468278,-0.010138269236780184
1.6101872,1.4566195,0.29695718027070517,0.29537465898259674
0.2512752,-0.07804358,0.07531448048456468,0.040067160274555036
0.2933325,-0.023510732,-0.09921950236522833,-0.28423684357117335
1.5311067,1.238869,0.013682074013009027,0.03443911386178122
0.84094906,0.330561,0.013836508053843843,3.230718174096481e-05
0.039353017,0.1326387,-0.20380705998179863,-0.13731117699640785
0.105322674,-0.061364505,0.08060217510863238,-0.024851598276219022
-0.8535865,-0.2686318,0.0577905063510844,0.13334108084969068
-0.54330903,-0.2688528,0.043874681488844214,0.03550566041124947
-1.4224358,-1.4204926,0.02607055244196843,0.050266035070372306
0.26561219,0.00766341,-0.010271496842960803,-0.006027627936737425
0.21107596,0.42141762,0.046831157240768806,0.0793133499487827
0.85339963,1.7527815,0.04122671313611237,0.013870092169966153
1.2637686,1.0749117,0.06482899932896613,0.09143412979435617
0.15974414,0.1420572,0.06088862510590784,0.1284220562320526
-0.5797276,-0.19332954,0.02945346915006486,0.022786760894842384
1.7716113,1.3930988,0.04081950736555218,0.042739861896076814
1.0742017,1.0443058,0.25500690491314204,0.24069111075973648
-0.2869229,-0.27742925,-0.017707140443259328,-0.03170985180922453
0.39668915,0.47614345,0.07643151558252137,0.1778412892804656
-1.3034513,-1.5503634,0.024433078821617604,0.008978698083935033
0.8168606,0.3079148,0.17431240895758282,-0.03743554195348664
0.51605344,1.4066228,-0.16966556665841254,0.08255788382235574
-1.7931614,-1.8478152,-0.08417736600559378,-0.10484070351053187
0.019075109,-0.2961514,-0.17546322694024782,-0.1677257681452486
0.4236816,0.3182134,0.10125653273977264,-0.0724106053925527
-1.5325097,-1.1876208,0.013102457423738834,-0.10198992165156828
0.6494631,1.6434427,-0.07344080592744728,-0.038023014146284284
-1.1026798,-1.3030329,-0.06928154984999924,-0.06005055497958445
0.6200916,0.14945482,0.04306712595718287,0.05886945698353507
-0.86048776,-0.90644586,0.03059490589722158,0.02483158394792273
0.29683778,0.37018546,-0.10248036995104637,-0.018626436621834774
-0.4748846,-0.2563107,0.09924997520514955,0.0905918877833451
0.2706996,0.033246137,-0.07059826722998938,-0.13087278154121473
-0.36402062,-0.118435845,-0.03104555494383865,-0.062033179857398535
-0.12559249,-0.23299865,0.02701016243803779,-0.0007195599650759721
0.5538099,1.0653703,0.11680373190197779,0.06683666887402584
-0.35532743,-0.021533003,-0.1344522562742082,-0.11839613332906287
-0.06259428,-0.36115935,0.10846534056250487,0.012779122267065957
0.943968,0.6709456,-0.048975017577254976,-0.08607347004859256
-0.86405355,-0.90675294,0.06471344026351966,0.04833082281604306
-0.23856704,-0.26849845,0.05064848714997175,-0.005203040186473329
1.8746732,1.4544119,0.11581899717638566,0.08950227453232062
1.2857152,2.1140096,0.21544424066138523,0.15739606125090067
-0.29856563,-0.15758806,0.1741967858061348,0.11719966069310428
-1.7811677,-1.8862962,-0.10512907778301317,-0.1624401692173305
-1.2516202,-1.4595604,-0.027398047391456126,-0.0818243290690801
-0.22092873,-0.38742155,0.029343846828239067,-0.048532263882290594
0.7067929,1.6916366,-0.019558584036331594,-0.029906272384144117
1.6231211,1.4465913,0.13541465375597617,0.11021771935447044
-0.50947183,-0.29679552,-0.09176426771833035,-0.0731998041230979
-0.34456554,-0.21864322,0.088942102980057,0.03585497806864815
-1.2527419,-1.1342808,-0.04143045004102186,-0.043265383315322925
1.8041531,2.3258202,0.051540443977693196,0.03714810326879192
1.2065735,1.1957023,-0.001531238482633368,0.023985487215630208
-0.036234833,0.11966543,-0.05477040829995812,-0.050030246151345895
0.5716009,0.1587238,-0.09456950016136895,-0.08834646954607167
-0.9912037,-1.0711857,-0.02640519989964374,-0.041515208644648194
-0.42049715,-0.2645355,0.008443651639020944,-0.021411462235766676
0.55940366,1.3923929,-0.19077338722617304,0.10810554950700291
1.8361342,2.3520994,0.028602946249666417,0.017733770322998943
0.07875761,0.33596578,0.17914951238383903,0.1647651913031528
0.42777094,0.33794358,0.1756266292487738,0.15740680984894473
-1.1198002,-1.3208358,-0.052161188521874235,-0.042247601259491674
0.8257328,0.8205953,0.010354458788454202,0.09323432767712614
0.71173954,0.9137431,0.04637713783474562,0.025876250188856642
-0.13779859,-0.08098803,0.03909405883165461,-0.007825598003499232
0.74423003,0.7241747,0.09185725400787559,0.1896549733909323
0.7094255,1.6954848,-0.08121910744666805,-0.06371873267393569
0.6186755,0.29364848,0.03690619168028242,-0.053782875405614994
-1.86311,-1.9916576,-0.047531305212600516,-0.05707870757792621
-1.1784456,-1.0398743,0.03520376043192086,0.013169912048617727
-0.7328207,-0.6303942,-0.04586576107889839,-0.05325181518104105
0.1206754,-0.09783077,0.045695691623723056,-0.013154553644751002
0.39795572,0.5292191,0.3417071036358207,0.4692155449111076
-0.43229,-0.21370034,0.020236490212476754,0.011801762659568088
-1.5885069,-0.9662443,-0.025699350702530044,-0.01658056421819043
1.7469087,1.6118244,0.4699183228988244,0.36726735581291003
0.11176501,0.1531713,0.04165171503292697,0.05756495746811574
1.2623545,2.1053143,0.2770570079926782,0.20227118820096424
1.1760488,1.0935887,0.0006405438214869275,0.003458972217423417
-1.0314671,-0.87401617,-0.048591658144143235,-0.031810721772191686
-1.0823023,-0.92075086,-0.06301707199971385,-0.014761990450936957
-0.7819785,-0.56965613,0.003292037211354293,-0.03142582745335487
1.1427238,0.9692462,0.07172869489161537,0.08160269915033713
-0.8311452,-0.7468731,0.10464286653243504,0.00209252267123039
0.4001844,0.39943126,0.0015650545273820926,0.03868089477384007
-1.2135488,-1.220274,0.014334331447899418,-0.03445570687395705
0.57961863,0.9326958,0.08451779814626015,0.042546674084979474
0.13567874,-0.09528861,0.031181197105124986,0.06306384679089104
-0.8990655,-0.37406468,0.021143724456378354,0.07262537494712479
1.3695352,1.2732188,0.1374903825223488,0.11298872883933231
-1.4097236,-1.6670758,0.03721401558487858,0.026243066050222863
1.7670029,2.32824,0.008397971811133553,0.007825492453134686
-0.5719571,-0.31862712,0.011906111673510078,-0.006653726001636995
-1.0697343,-0.8847701,-0.07558506897847361,-0.050742751502114936
-1.7619847,-1.6789403,-0.031981718742330356,-0.05224902974482948
1.7892225,1.3874347,0.16521752525238842,0.12280440768805856
1.1287233,0.68867505,0.05823175841537709,-0.00018037940323245572
0.26668862,0.031198971,0.09130929996149534,-0.07362828465591523
0.7112494,0.9384706,0.046867266828733656,0.0010559582390301525
0.5053784,0.29452989,-0.04655644795517522,-0.03555394276192342
1.1013184,0.9862529,-0.07164887412775278,-0.05822965290990689
0.91090435,1.8025755,0.042872116045089226,-0.006052369903124077
0.46950817,0.5098888,-0.17212690429330724,-0.08717626599708306
1.6920147,1.4989055,0.01934766195533677,0.007808381496254402
-1.6016095,-1.0020413,-0.03130732097938371,-0.02336430261761424
-0.45348486,-0.22599939,0.11842428561788548,0.0910797543519698
0.33852097,0.2615336,0.02485422443748464,0.07453307979460738
-1.8594887,-1.9807334,-0.019096584596044464,-0.025765373632592237
-0.2679343,-0.46324795,-0.01995284489592869,-0.03254161920806181
-1.1839923,-1.1475179,0.03867286273081594,0.028508736488996878
0.7675881,0.70039546,0.053711677888289455,0.08383642055415796
1.0754952,0.82044727,0.007091598415183364,0.02798050643291794
0.79072785,1.279151,0.07004605104659622,0.06948522466747198
0.85200214,1.3525493,0.08478699325172812,0.08273276683621544
1.0603718,0.41143376,0.23449556481777178,0.1337333877500908
0.23591806,-0.058500137,-0.06918033546873367,0.02618260339953811
-0.35144863,-0.23423406,-0.06060487226387212,0.00960717565541136
0.829835,0.40821883,0.13799572949244165,0.06134188557100939
-0.8199177,-0.762385,0.04929715304559268,-0.002433569897745791
-0.6634916,-0.903931,0.1644238882373299,0.05190993549755041
-0.5353418,-0.2702878,0.0359074478310073,0.03694067203653939
-0.3922923,-0.30799985,-0.028560397540058513,-0.03648410069777075
-0.09758875,-0.20652793,0.03640298633064107,0.0011969178905516242
1.2211819,1.1773295,0.014657546404689192,0.06573595432391932
0.07150883,-0.0119102895,-0.15628131367209896,-0.1408209168474954
1.4848969,1.3135319,0.13737365027995474,0.15004463572541504
0.5532104,1.4190869,-0.13276264962519663,0.10766501043073973
-0.6145822,-0.375973,-0.0018080825116035815,-0.034747760584321497
-0.060002305,-0.34418556,0.15854629980088963,0.04914728695838988
0.39786512,0.26002374,0.08136609496287639,-0.06283170350915335
-0.15852423,-0.07707457,0.02388966709561416,-0.03233368701049115
-0.4824244,-0.47872913,-0.051840073781646456,-0.0768034383976045
-1.2473103,-1.1252552,-0.06727133650308015,-0.06008352137383932
-0.019651392,-0.16756865,0.1843115302165301,0.13367405345119326
1.3575028,1.2998137,0.06360845013767524,0.08388897956727104
0.70304716,0.33620512,0.2647835708124795,0.1333555915398662
1.8462692,2.355839,0.047554105945935454,0.036073107172593044
1.2017266,1.0244431,-0.025037256357040905,-0.06107505319318984
-1.1686343,-1.0751582,0.023314891539409688,-0.0180612674595384
1.161598,0.4866956,0.13326935422359454,0.05847155646652147
1.8740557,1.4511439,0.15285537464418697,0.11410706127524461
1.7910019,2.292308,0.08338989341245617,0.08485381805910919
-1.3154001,-1.1615154,-0.06028698590126469,-0.047015549090836606
-0.49839434,-0.4448709,-0.10724135658551925,-0.11038337217947192
-0.5022928,-0.3720568,-0.03197167010847446,-0.036437487806805724
1.4829596,1.2899543,0.24490121095655804,0.28049166028243566
-0.7964874,-0.78669304,0.001058035376639177,-0.07033755527603347
-0.14021766,-0.06019949,0.005583098830652916,-0.04930153639773788
0.56236756,0.94218147,0.10176887246037758,0.033061012101489484
-0.5637552,-0.27383572,-0.05349052616486916,-0.07185422348387255
0.2545136,0.27586442,-0.11185143097620295,-0.005385170783442694
0.3438708,0.5231164,0.11751761902566388,0.105635263603575
-1.2768688,-1.1240293,-0.10932843396448222,-0.08709914688849962
-0.82238847,-0.6908683,0.04370201941579155,0.007871662908359056
-1.199045,-1.2126424,0.05372553893168264,0.015893142173174946
0.6858139,0.2975728,-0.06017393295144868,-0.08609438423658472
0.54218775,0.1370596,-0.08471009400165547,-0.1888585437618195
0.4313278,0.028366856,0.20115599596103395,0.05666791797794099
-0.22403404,-0.23355788,-0.0398997433442303,-0.10600933307594818
0.81749177,0.25819296,0.2154774120351015,0.0483732894189734
0.8738383,0.6493006,0.024209949586944224,0.029546154520415202
0.31909594,0.20254615,-0.10298497722827474,-0.01834171730063036
0.85868996,0.5079704,0.06428933205803566,0.07625234166074357
0.91146135,1.3905092,0.10134301609956031,0.131325958770373
0.3180083,0.17881559,0.10023962670670428,0.0916636631828125
-1.7402824,-1.7124642,-0.07219897245856566,-0.06789248271171178
-1.4469789,-1.1039689,-0.13972988958334764,-0.032388056824737665
-0.99104303,-0.8583382,-0.0007793763158746581,-0.007319896562769657
-1.1939411,-1.1130173,0.4152546655759173,0.5282626371675653
0.735814,1.0066091,0.059943685792494206,-0.08127612125923411
-0.38103372,-0.6513204,0.007354470094091736,-0.12175459020600621
-0.5935625,-0.789477,0.1742985381185555,0.00675406585280347
-1.0362376,-1.2717396,-0.0490762131236282,-0.058503735426347125
1.7557203,1.3695595,0.10131759180182232,0.09327483590866192
-1.7425014,-1.856673,-0.1360839321988887,-0.1763112078654201
-0.09625935,-0.0005527213,0.07430331267418834,-0.011541252655225947
-0.9241261,-0.8077329,-0.10619277899485158,-0.12388368457094001
-1.1772168,-1.0410799,0.012465817822763903,-0.0019518020458741958
0.2844886,0.31947678,-0.14182642801981257,-0.04899753173772736
0.49979964,0.074962296,0.02000561938966572,-0.06831700773214422
-1.3634211,-1.6189038,-0.07090285731066515,-0.08055870072635374
1.1668143,1.1317768,0.009874972227248646,0.043382052882662725
-0.5213743,-0.42637235,-0.012890196757949557,-0.024424442659071677
0.9676398,0.5410033,0.23801349888102297,0.21530524310394472
0.39383963,0.04948296,0.012798259327671646,-0.12159823328132151
0.5248761,0.017906813,0.2205306178520865,0.14570298494510966
1.3587606,2.148677,0.14239886769843357,0.12272856933805887
-0.64645445,-0.5514231,-0.010754278806081374,-0.050772111765582384
0.8499936,0.5860231,0.07298570933540993,-0.001800357905143879
0.29329762,-0.0043299515,-0.09319629541297278,-0.09329669285939768
1.5349883,1.3379399,0.08410477884447021,0.07062485948808317
-1.2518438,-1.2622341,-0.026441144857924703,-0.05251688572340463
1.1921655,1.1560106,0.13704311401958735,0.128986284404756
-0.15870251,-0.24277237,0.1642439436823442,0.027793418201948028
1.2557402,1.1841644,0.21877730271283258,0.18358211895629029
-1.1585655,-1.0693048,0.013246117316082051,-0.02391468199506086
-0.4015233,-0.53843886,0.018067164821669035,-0.016722636141662917
0.5722709,0.41346115,0.18254611114759944,0.07669420195160165
0.868236,0.37003085,0.15141217922110362,0.11984619464956098
-0.8488071,-0.7613194,0.09211862291425632,-0.03587543114761982
-1.5971146,-1.0399806,-0.018533814357016842,-0.03051054329889502
0.57532054,0.34419838,0.011945179900319514,0.013668918419232956
0.7005508,0.8939941,0.039112024690660774,0.10444054290839155
0.96066785,0.9470396,0.13707315496489536,0.12941344356609497
-1.5256888,-0.81214017,0.04307926769375614,0.12895797434104173
0.6936041,0.70254254,0.0752671328896295,0.08280256551549425
1.5337813,2.2149847,0.029461353035389326,0.013747458071449614
-0.83762515,-0.8318284,-0.03271954313668557,-0.08921252627598364
0.30259374,0.18639442,0.035728208717905274,-0.0638811253184619
0.527161,0.6783569,0.08515797139962333,0.0964126000000789
0.6925387,0.13369772,0.07865457461838077,-0.06563960212734159
-1.551522,-0.87010777,-0.006271680810267188,0.015767468199483603
-0.8948764,-0.36497533,0.016954650416919126,0.06353602424674637
-1.058853,-0.30789453,-0.005318280085069738,0.06276577307752071
0.72640854,0.36638275,0.03403014543568983,0.05196968863631424
-0.16468759,-0.18343075,-0.20801397180584352,-0.2583674892971728
-0.7020669,-0.6086776,0.20862088515283073,0.0398791453386661
-0.45215672,-0.24374841,-0.15836741369217433,-0.11205331048127193
-1.0141745,-1.1079565,-0.038386805408139546,-0.05790080897901273
1.047748,0.3904583,0.19139114286264802,0.10387165291478173
-0.99876124,-1.0936244,-0.06553228460659866,-0.0899517912178478
-0.2765878,-0.24346863,0.010943075800654067,-0.053888862223488876
1.5203207,1.354226,0.20754018514631634,0.21621997182113195
1.4276031,1.3653207,0.4288236690667666,0.3231269708480826
-0.48685116,-0.37230748,-0.04741332622114536,-0.09259014322859643
0.41241544,0.27292058,0.06681576670817668,-0.07572853931313894
0.47561327,0.57143867,-0.02412394812683888,-0.010408091531870056
0.007859603,-0.25056362,0.1685327896725718,0.08428819619638453
1.129155,1.1310959,0.07723152888647822,0.08395348421434523
-1.3727856,-1.2784486,-0.023604082015651562,-0.0917780323124402
0.84045076,1.3169243,0.09633837340919882,0.11835774776272912
-0.8616951,-0.8004739,0.039745971567078375,-0.05321699295443305
0.66221565,0.17553294,0.1098330800735573,0.07509382917607998
-1.0311542,-0.29089978,-0.06381432262467457,0.030185899882164302
-0.92738545,-1.1792247,0.008645210542576609,-0.036820433122229934
1.4157751,1.2322658,0.14099040026340637,0.16498111588442965
-1.0462077,-1.0502079,0.028476530175080006,0.0033726589232476734
-0.6636581,-0.64706933,0.11350617253557704,-0.017373595598127456
0.13225524,0.32536125,0.05208086495355793,0.02304364298730055
0.30524918,0.2760184,0.06631414994233026,-0.005539159383219916
-0.25445873,-0.5767053,-0.014485709418062653,-0.09033517505854105
-0.87795967,-0.9162279,-0.0042394858982689465,-0.005091370398626727
-0.4622214,-0.4005609,0.011182612240658085,-0.013870606055951973
-0.9547882,-0.4058678,0.0018288935119785688,-0.047433759525661146
0.31347126,0.26687562,0.009207682870148115,0.050915624587204
0.71472657,0.8935151,-0.05327877798524361,-0.013638774300063439
1.2796901,0.9755813,-0.1971033049585349,-0.12715351580295242
-0.8241697,-0.741007,-0.0907820029734987,-0.09598559886886149
0.5956372,0.33543417,-0.0033608301439359556,-0.008458825660970615
0.1869667,0.36907077,-0.07253527918416146,-0.02613922229219251
0.49243408,0.50693893,0.052424425760566495,0.05177242872652066
-1.4738224,-0.6554736,0.04763766702338623,0.10077594026854242
0.8206876,0.75279105,0.015399693945467141,0.16103860462033293
0.52651155,0.6889767,0.055987943418175035,0.07085703254037778
1.1527687,0.41172668,0.14209859025417315,0.13344046072334215
1.5312884,1.2347959,0.09672607942465627,0.08897826854426727
-0.9611511,-1.0435985,-0.04264796095479162,-0.04813667522654419
-0.43204537,-0.58563477,-0.1435264243621911,-0.08882717385168604
1.8703252,1.6881707,0.12077809172540621,0.11577391748712795
0.91618574,1.0186725,0.24742698748142478,0.23431927095449434
-0.59466326,-0.52430433,-0.16532490777832176,-0.1715871634140349
-0.48905626,-0.2920954,-0.03665345367812589,-0.016208794123149628
-1.2537104,-1.217764,-0.09521251477899262,-0.09318344397493639
-0.7698393,-0.6916883,-0.19656323597442693,-0.1922451933095557
0.95475346,0.961176,0.03984147422769002,0.05265824907611871
0.09403512,0.28246376,-0.020055531493176904,-0.04575228640088064
1.1666234,1.1213293,0.03841889388736175,0.09835849403630892
0.40690926,0.013062058,0.048857445382868125,0.059170646270764876
-0.55579776,-0.31696984,0.10341463327982586,0.09299233291732725
0.8791122,0.46668,0.1780547726870776,0.17691466276304624
0.23777947,-0.10023562,0.06583455869411764,-0.14628466552800026
-1.5420363,-1.0664382,-0.0736120824081643,-0.0039602265344629295
1.0226642,1.0330548,0.02827000719225259,0.037739333109177986
1.1656202,0.9599947,0.1247253071624681,0.19920798569819498
0.47930062,0.13169032,-0.031966473538127815,-0.0894218842791939
-1.391884,-1.6387435,0.09062334930240312,0.08344350298388825
0.657906,0.88994306,0.137851665280867,0.035389897703625994
-1.2835412,-1.5002867,0.04827451411069439,0.016604058461914928
-0.6903942,-0.5141663,-0.031952964217393354,-0.021699323640752666
1.8528316,2.3647308,0.011905539480867589,0.005102354002198162
1.6555041,2.2609038,0.055858248693923196,0.0427853255010513
1.753403,1.5560455,0.05120638887850992,0.04965250947312394
0.72567934,0.2408745,0.1326503471554772,0.0013103224546618664
1.2098261,1.0903939,-0.033136812326279186,-0.042235283118819744
-1.0345675,-1.0052305,-0.05086854625462345,-0.09939950049608148
1.5334835,1.2147317,0.14537072907270132,0.13993445472118116
-0.0806501,-0.16407461,0.13214286481937149,0.04427626941886678
-1.5386422,-1.5324578,0.06672612943967304,0.0977570215614314
0.67203146,0.7735115,-0.06337881816546409,0.026027179269739964
-0.9995599,-0.51782113,-0.031614465201828645,-0.0938364509849754
1.1618528,0.9806091,0.014836462858352162,-0.03848503722121088
1.6583413,1.4670132,0.10031671856116575,0.08979573754294701
1.7072407,2.303069,0.025630788699931184,0.011473974998118752
-1.5196532,-0.73539877,-0.0005606185327016178,-0.03340886202535975
-0.5143355,-0.34986606,-0.039971570303919735,-0.09137556135443037
-0.7184719,-0.65714437,0.1598874168550134,0.03184979599904658
0.6045874,0.5318649,-0.09871416996180149,0.034731814488190405
0.4654962,0.20755601,0.0831508384480284,0.0771168415570756
-0.8006086,-0.5934793,0.021922124586995162,-0.02392996304137751
0.8900473,0.68021417,-0.025362655460767658,-0.1412625202775213
0.026157433,0.29613134,-0.011083540317501622,0.02026837725012709
1.6181264,1.4348031,0.14040940377886435,0.122005849160989
1.1059425,1.2029204,0.20175698701559464,0.17521617273696877
0.44739032,0.22678447,0.02524150048522128,-0.016790358324590138
0.43148616,0.0017022267,-0.0722661346739844,-0.14998053917013793
-0.45779586,-0.2561527,-0.1527282778546194,-0.09964903256054897
0.5176085,0.09970913,-0.07027437873527137,-0.05744069174999239
0.8243333,0.30034032,0.16683971503744732,-0.029861073102397162
0.96811515,0.8793778,0.18132109901999027,0.1313023117346468
-0.0238658,-0.16669115,-0.1061247452692648,-0.09086859606875264
-0.75485593,-0.6810269,-0.16009576754564225,-0.1559656933016923
-0.5211745,-0.45955667,0.018562653429519793,-0.0018157459411347054
-0.7840454,-0.58941823,0.0053589474782305135,-0.07678730197711092
0.71359205,1.1935916,0.10917423621691846,0.111814414504942
-0.42359814,-0.22767642,0.011544642888105416,0.020582801979975224
-1.5920565,-1.8547754,-0.15661852102010543,-0.18578797783174572
1.5497953,1.3818923,0.2350158878208799,0.24625572496034254
-1.394736,-1.6511843,0.02687044506288938,0.023710314993302006
0.6794764,0.27348167,0.19657389752204257,-0.0030024155039016787
-0.5933327,-0.1895504,-0.00924771437058447,-0.007431439741764856
0.45326662,0.45341897,-0.0649603814623193,-0.05092996810810729
-0.52312434,-0.4811649,-0.011140144782699313,-0.04013604291689721
1.1459502,1.0084729,0.03073910129371593,0.018534452255072997
-1.0194724,-0.8647232,-0.060586377649453294,-0.04110368193912284
-0.45002294,-0.1700453,-0.021913944073339076,-0.06877518715564981
-0.56492907,-0.3185299,0.09299218814788285,0.07970941541488394
-0.4977231,-0.3140552,-0.03654137940946933,-0.09434632684033184
0.082242705,0.109342024,-0.01596240961932327,0.017995242591197114
0.9169562,0.7081524,-0.021963205844009126,-0.12328029864280032
0.16284873,-0.009933099,-0.17111713108366006,-0.09298135669708907
-0.2294434,-0.555094,0.013294111483822785,-0.05841895290341548
1.6544404,1.4634168,0.05692195318458482,0.04329710620481153
0.5652631,1.0490488,0.06734290444946622,0.03983526183384356
0.7051974,0.1249587,0.04020934166418977,0.038651096464327156
0.7632933,0.21525635,0.09528078120158667,-0.0676027535041255
-0.8560537,-0.79201716,0.08543318419641055,0.02719858122911578
-1.250942,-1.2586298,-0.027342963133376363,-0.0561211785929725
-0.573485,-0.8071628,0.15422107115383382,0.0244398964459126
-1.0105,-0.543613,-0.02067439028117435,-0.06804456751634747
0.7210212,0.2856,0.07852502625820013,-0.015120755042475897
-1.1730748,-1.2003444,0.02775543757517629,-0.011247825437224135
0.70270395,1.1838452,0.12006233588732862,0.12156084680932433
1.0570444,1.1599911,0.2507772988529495,0.21814546446212746
1.2096162,1.0687643,-0.03292688476738026,-0.06309374051659855
-1.4581914,-1.4050198,-0.28550965198220557,-0.2484294597515173
0.042206947,0.32665464,0.012585516015613904,-0.035580756986926365
1.2697835,2.070574,0.05074813123642663,0.02948798823468257
-1.5760835,-1.5214201,-0.16074924854900807,-0.05790696895101388
-0.5171082,-0.4278411,-0.0017576959654418411,-0.040396195919993716
-1.650013,-1.5871156,-0.06418634518590105,-0.05854101014667501
1.1885353,1.0225263,-0.011846033212509655,-0.05915816781721328
0.45809913,0.24750197,-0.0034323231188907455,0.022977282200413507
0.3935022,0.021524187,-0.03550429056508547,-0.06395350085984322
-0.21875572,-0.08546005,0.1606252352464734,0.1167817934593598
-0.14239396,-0.0793488,0.015458690538361325,-0.05223115777368004
0.46112752,0.016702412,-0.13294908475327516,-0.08742615537938808
1.5019606,1.313396,0.2259002038764799,0.2570499879573014
0.4544072,0.25914633,-0.02772669704426628,-0.11780100435341315
0.41238558,0.24955004,0.10485324478019453,0.0489453311330772
0.5839042,0.3264226,0.0847540306093032,0.02949655133929613
1.7502141,2.227192,0.07565994865768277,0.11314084181526907
0.5732358,0.063186154,-0.05343055142675579,-0.056540865909806115
-0.44248372,-0.38099346,-0.09178075881544467,-0.08390416696173547
-0.4154014,-0.23713815,0.0033479015455608607,-0.039439165893171535
1.0769782,0.71958834,0.1663160793247338,0.22559710694591673
-1.5406638,-0.9088975,-0.038553444512395396,0.005760921671739805
0.34128794,0.1405969,-0.07617037383105096,-0.06548836481102435
1.0746918,0.8525009,0.06166790215792495,0.09890002848518653
0.6694481,1.569202,-0.09342576648347756,0.03621778957228261
-1.906523,-2.0172622,-0.04085488409778426,-0.03147410190318256
-1.3107408,-1.1615884,-0.06494628098335697,-0.04694247379634198
1.1981744,0.706269,0.18138517613876703,0.15486804807669707
-1.239615,-1.092156,-0.01239462976427319,-0.017112425051932112
-0.9896869,-0.8074374,0.2110004555806475,0.22268273642598813
-0.87575006,-0.7530557,-0.09847396092966998,-0.10555196670342237
1.290363,1.1113079,-0.018837930786590462,-0.00275686812594933
-0.08510344,-0.401489,0.07891261887040557,0.0004161795730702744
-1.4489186,-1.4113388,-0.02767813829855914,-0.0539756463824268
0.9352513,0.84012485,-0.010561045909480482,0.015446110997372031
0.2358077,-0.21866737,-0.28000613652438144,-0.16719138279306417
0.5431269,0.12619513,-0.09579273648902503,-0.08392669365877153
-1.4289805,-1.6619946,0.009395174613682,-0.028840398479229368
0.28238773,0.22653142,0.052145672583025604,0.032815600605773154
-0.4295205,-0.3287514,-0.03056192666957458,-0.02760694854326179
1.6474875,1.4709623,0.19439616632510792,0.21488784593555144
-1.8735404,-2.0127316,-0.012756421914482896,-0.03600477016184955
0.33029038,0.224597,0.05043878100150245,-0.13204797432209023
-0.85862434,-0.90187985,0.07676040275249363,0.056723638955413325
-1.1738906,-1.1279049,0.028571186743572285,0.008895708916365042
-0.49272284,-0.3580585,-0.039708478096163846,-0.020285985184209432
-0.43594116,-0.16399518,-0.01644196271321613,-0.05998233224762026
0.6255399,0.74655175,-0.06931576714819432,-0.02651575372258186
-0.47086447,-0.20833716,0.09522985053130617,0.042618344377812256
0.68817556,0.98722374,0.05112062729504985,-0.0405540001504654
0.39627618,0.02484079,-0.038278260930609764,-0.06727010446082207
-0.87452537,-0.7982948,0.015668511697365495,-0.006692611717122654
0.46318334,0.160317,0.07348703081144636,-0.03325804327434295
-1.0223275,-1.1231812,-0.04196597896923904,-0.060394920757337545
-1.3907858,-1.3412442,-0.15527562950258567,-0.14067581530970608
-0.72907615,-0.5268385,-0.04961030367762276,-0.04260937925189323
1.4108534,1.3539624,0.07173000746766456,0.07640292290137451
0.22320746,0.107982285,0.11670323050189318,0.16249696621711807
-1.2096672,-1.0721267,-0.0205888322639749,-0.020628916578049994
1.2992175,1.248861,0.06017725858915157,0.08799361714369458
1.1860507,1.1016877,-0.009361353990402721,0.00992468609824626
-0.47241533,-0.23998524,-0.1659729126526771,-0.07360675608789619
0.2921313,0.021052208,-0.09202998152633032,-0.11867885213719442
-0.78794914,-0.66855985,0.009262694083149947,-0.014344037287352784
0.69079334,0.28716528,0.14688269333432102,-0.01668603261892243
1.8751842,1.4649072,0.11518585517698221,0.07900696947098029
0.59016746,0.29016212,0.09523367939760108,-0.022094848948038592
0.33821106,-0.1592768,-0.08580343503723614,-0.1519959846325723
-0.5962734,-0.185764,-0.006307000011301023,-0.01121783970228274
-0.22105142,-0.08898636,0.0966825844034706,0.04859795555918933
-1.0656509,-1.2192159,-0.1406517451928675,-0.15685516735046834
-0.040136978,0.14796285,0.004248890389581324,-0.022388190827123483
-1.2436706,-1.1428063,-0.009561120368356102,-0.019154763898423743
-1.0526252,-0.8853201,-0.09269422463338084,-0.05019271984012763
-0.22278088,-0.54405826,0.006631593697796784,-0.06954746190188732
-0.110388085,-0.28435555,-0.01960246037408314,0.026795800694095262
0.3555477,0.12082862,-0.051078192469206085,-0.05703786149075431
1.7505014,2.2435102,0.12389041507230725,0.1336516638995633
-0.5265927,-0.376248,-0.03309169486078012,0.033433887248231486
0.36474013,0.5499645,0.09664827455277875,0.07878718582952715
1.5683239,1.4639708,0.28810294400725733,0.22438410437814493
-1.4753851,-1.4129924,-0.26832819803944585,-0.2404568616756506
-0.56542736,-0.4832218,0.09141289624359139,0.07296489544433782
1.3541926,1.1691401,-0.11627561190922053,-0.09741825249661984
1.8288146,1.4332876,0.028223223820865284,0.029546741807709775
0.20345613,-0.22336957,0.10015789338802633,-0.023150715592564014
-0.67605466,-0.6049805,0.31496313940577775,0.15102960325293502
-0.7890209,-0.71019083,0.010334445200856246,-0.03347650196887375
0.5606799,0.10045349,-0.10320225622928608,-0.1522524331293999
1.4265213,1.2620475,0.1957492472800768,0.20152898211518555
1.7046627,1.5056955,0.00669967554328843,0.0010184587820210034
0.6629622,1.0138317,0.03881521587405867,-0.05287562248060407
-1.0606204,-1.012454,-0.0999753498411271,-0.13503511740001461
-0.049724832,-0.18052924,-0.22875205947566707,-0.1897443904046307
-0.62625486,-0.5782852,0.19868056397902206,0.0666322087067116
0.3041616,0.054946736,0.05762484734210299,0.08129631862366896
-0.58116144,-0.17161255,-0.021418982833719236,-0.025369293674145532
0.27030998,0.09482199,0.20537710832782624,0.051440075867591584
-1.1297281,-1.3161366,-0.1111603148742033,-0.07310758312631549
0.96552104,1.4717045,0.08529094796796488,0.0934536704370208
-0.8069497,-0.73974705,0.18237127564062472,0.057214235366538024
-0.9142631,-1.1595032,0.10869026191163877,0.018044031705818808
0.777427,0.7803902,-0.06550609185295764,-0.052561640303194546
-1.3875972,-1.639838,-0.046726736552608505,-0.059624476597630593
-0.70780134,-0.9485352,0.14628381051269723,0.042430010559327824
-0.82032853,-0.7814047,0.04164208289235405,-0.015790155974432563
0.7827346,0.39718452,-0.016796391951680034,-0.05889140604337062
-0.81965554,-0.6960807,0.06296706403821872,-0.10111414536575947
0.92031664,1.393946,0.09248773283921485,0.12788915495262398
0.18973517,0.3845153,0.10593513882771238,0.07660348621424579
-1.8071544,-1.8310078,-0.07018434117954397,-0.12165729810659132
-1.822387,-1.8159915,-0.08825427140675335,-0.23274480140422016
0.82508576,0.47447234,0.04338743767522635,-0.006395925494000754
-0.5775044,-0.41529542,-0.04731842497271499,0.00661558497650877
0.38281608,0.08720013,-0.24015391572695063,0.183279123995858
-0.1503966,-0.15807882,-0.03752195185492632,-0.11562267119080682
0.45817256,0.3925417,0.24287158848701174,0.24390976252522245
-1.0623842,-0.89572257,-0.08293515614430613,-0.03979027881534736
-0.1382048,-0.070253,0.023490625530837167,-0.01642694716762777
-0.28968382,-0.039177828,0.05080328610635229,0.07560184336464387
1.1194843,0.84870327,0.03704018166127576,0.05584952423116574
0.073315084,0.0030266643,-0.014367447735303795,-0.06224709869395682
-0.94461477,-0.47197667,0.06669299794728412,0.1705373586755336
0.36438176,-0.046267252,-0.12553955509291545,-0.10924701264665077
1.0456192,1.8804665,0.01264760625040573,-0.029302643148448437
0.59735173,0.9186237,0.08560519266575328,0.04947561030726921
-1.8167465,-1.9534893,-0.0695503500608452,-0.0952470186970058
-0.11453452,-0.14613095,0.015952196980598368,-0.08758726495260191
-1.1785314,-1.3512878,-0.062356985406429866,-0.03795633991647662
-0.6927809,-0.6223161,0.06820251247991915,-0.06021669000272467
-0.6113509,-0.53519845,-0.1486372761712661,-0.16069304367450243
-0.87752396,-0.3338236,0.05557481945221021,0.1457475397521633
1.5168359,1.353406,0.21090270011407597,0.21704001252395178
-0.50207657,-0.34566796,-0.030354750993884183,-0.03267653913547286
0.18952496,0.090103105,-0.024864825756355985,-0.12399770508133086
0.63568985,0.097829334,0.1791327200694619,0.010026521063508403
0.6334839,0.6422437,0.08149231372676935,0.06860822135736533
-0.9958068,-0.47463518,-0.005914684027001682,-0.07737217575179
0.60669804,0.6027784,0.1082781642516717,0.10807352954675742
-0.4238093,-0.18407688,0.011755792342222238,-0.023016743975682735
-0.52382463,-0.46326444,-0.030360240266643634,-0.04504890262242944
-1.6016649,-0.97941566,-0.0312518886597426,-0.04598998735577342
0.6265918,0.16264431,-0.06633470743435255,-0.08447441562928643
-1.5945965,-1.8711649,-0.10751614363543016,-0.11990642831245757
-0.6544254,-0.6570071,0.10427347266451381,-0.007435832384016128
-1.0302596,-1.2790341,-0.013135833721297008,-0.035252996641538026
-0.5965288,-0.33532652,-0.01986143534439777,-0.07539422421690511
-1.1501623,-1.0224087,0.029162921179773038,0.012588209995390898
0.29954684,0.27269316,0.13507736445040436,0.11588055136093767
-0.9917506,-1.0778347,-0.07254292332043533,-0.10574141924671743
-1.5434077,-1.109367,0.004776663620788657,-0.13645687765049086
-0.37385198,-0.17525616,-0.24339375563989052,-0.17043377923376574
1.7815561,1.4013214,0.12021094039173175,0.08869415774454525
1.517713,1.2215903,0.07204947599564693,0.07899176027459665
0.008789392,0.24324042,-0.05335445972043508,0.02788821584859008
-0.8559681,-0.90783226,0.04342922428107909,0.03939113244471715
-0.79263836,-0.7987182,-0.002790994164376448,-0.05831237779724319
-1.5732327,-1.1053742,-0.013476165485142078,-0.030982698510223505
0.014510609,-0.22198206,0.053358428896117555,-0.013591524807519628
-1.1715174,-1.0668437,0.026197968207195332,-0.0006788492198694929
-1.2664562,-1.451705,-0.03480437362850508,-0.10359503785626067
-0.60173994,-0.26305658,-0.04593633246456419,-0.03634182301011135
0.42751056,0.5615606,0.05037633117195078,0.039546052548495636
-0.9493199,-0.41312936,0.022513735245600408,0.01261316120290834
0.78362525,0.76186794,-0.16641783215999661,-0.12996213386330258
-1.0554198,-1.2927473,-0.029894007923432886,-0.037403309752307656
-1.0067886,-0.909475,-0.22774481111608913,-0.28783087230883586
0.12526736,0.14628011,-0.1423349526788543,-0.04334099139750562
0.82666963,0.5327492,0.007706698805073131,-0.0397179980233866
0.48987758,0.66564596,0.06634655012780666,0.054390041374769216
0.5571928,1.050688,0.03740557839313441,-0.005034163402843905
-0.92322963,-0.9541294,0.01719933827136033,0.01082398669058926
-0.5984903,-0.36146426,-0.04588628111921489,-0.09183728273237196
-1.0368471,-0.8778047,-0.10847228936116404,-0.057708150290567084
-1.1851183,-1.2144519,0.03979891367991262,0.00285964030679442
-0.62786895,-0.74777865,0.20017244677515045,0.2360328768971134
1.7463856,2.2980375,0.06971159544977423,0.034873748036162056
-0.2926342,-0.30750182,-0.024339162606495157,-0.09199392071829088
1.4546657,1.1843888,0.045027270349266235,0.061552565136132165
-0.19899264,-0.18856385,-0.012634843411990365,-0.0715006496277707
1.8278556,2.352237,0.017450008053955024,0.0028459917533378842
-0.99782175,-0.882402,-0.03811882463929561,-0.003294093513307228
0.20788184,-0.15588123,0.044525786449809146,-0.15539155693729795
-0.1793008,-0.11462842,-0.007884486348372438,-0.05461560197905377
1.2039089,1.1720012,0.1738174484990922,0.13034340200590533
0.839204,0.4796016,0.029269183490503448,-0.011525173397824606
0.18034324,0.20897725,0.028435062606699174,0.036732776964489955
0.8189216,1.7404193,0.0757047218832132,0.02623233391496127
-0.58323044,-0.52061754,0.08061859882594313,0.059245129713085876
0.8196718,0.8324597,0.2779469828942336,0.24399335956646118
1.3273293,1.1900231,0.2949412705573595,0.2735534467224243
-1.0522652,-1.2782363,-0.10222006051700072,-0.07816781923714067
1.3142719,1.000065,-0.08649843593803341,-0.041428072459945176
1.2784111,1.169148,0.20417224341431983,0.2612173760263745
-0.5609733,-0.79865396,-0.0005442448690776702,-0.10745123314642169
0.2815677,0.10344738,-0.020849721285123357,-0.03140021064021527
1.0325769,0.60976565,0.18260884094779084,0.20721356051184725
-0.791268,-0.66098946,0.012581540308888473,-0.05456897849971365
-0.071938336,-0.19761638,0.09764458438698143,-0.09732912192701126
-0.2550741,-0.2913917,-0.04112337078183059,-0.0971573454136695
1.283202,1.2452722,0.045517711930786575,0.06829748844443073
0.71609074,0.93421894,0.046547745583891076,0.09918946358388836
-1.2848822,-1.1331036,-0.01100114884810277,-0.009468804196374414
0.9603099,0.4265436,0.0593382618321876,0.06333345141492658
0.54943293,1.471747,-0.18080266264350092,0.0287513825224448
-0.12550354,-0.361991,0.08081626152242967,-0.015982434648696364
0.77645487,1.2510659,0.08431903888915604,0.09757033723918829
-1.4920619,-0.69476277,0.028272845265312485,0.054439677747050275
-0.5717594,-0.44466892,-0.04010905431415501,-0.0353499893034509
-0.24737352,-0.4387093,-0.040513616122811624,-0.057080285217964766
0.94833994,0.50268435,0.28077787265269705,0.23006094493032203
0.51661927,0.66148925,-0.012579223689428876,-0.020677653909703775
-1.0449696,-0.61850864,-0.01260235841701518,-0.046676442614130176
-0.81508,-0.7550162,0.0003412958972511815,-0.02993316410282787
0.5897734,1.5907267,0.03843298501014958,0.04103929154176256
0.5181143,0.30635813,0.15054390897768088,0.04956102449145677
-1.5578976,-1.4970853,-0.03740268069550279,-0.05830745255160186
-1.4232471,-1.3961551,-0.13129578622805815,-0.12834571503649195
-1.4482534,-1.3203055,-0.19519798312058256,-0.010958325715841433
-1.1710745,-1.0387877,0.06999548204533967,0.04408849429313011
-0.26183265,-0.5876634,-0.05941808171282087,-0.132255155013701
-0.5437178,-0.27722427,0.010919851404511238,-0.007794990214839925
0.33082417,-0.08403884,0.07532487635813295,-0.03269814192357284
0.58413476,0.3526619,0.0031309642402242988,0.005205386686673752
-0.43388325,-0.28760397,0.021829752169645333,0.03932108632732681
0.32046425,0.20164926,0.060264904715949474,-0.10910023078704842
1.0720661,1.1553288,0.23575561706736603,0.22280785898574806
-0.71747553,-1.0131243,0.09387482191798902,0.05312058342304138
-0.45827302,-0.25044096,-0.0018093910879858344,0.008559102130782426
-1.1482081,-1.0314962,0.04712911375157747,0.03679693888846702
0.7925695,0.5977093,0.07895895335856007,0.18160585030095755
0.787066,0.17570905,0.18394222992191378,0.14495802268140673
-0.89352596,-0.9475663,0.05202306132817125,0.057138974732907744
1.8371847,1.6749521,0.37964232001491327,0.3041395996941356
-0.31358257,-0.34862128,-0.04995316742685474,-0.08621930977216613
-1.3078246,-1.1522505,-0.04757547442506027,-0.04858058016033873
0.71281266,0.874639,0.045304015810209486,0.06488758560795715
-0.06195334,0.02998671,0.10183606240630225,0.10894663483428588
1.1574855,1.0404882,-0.23279523541982594,-0.18491728660089457
-1.0522923,-0.9662142,-0.09302705696980662,0.03070133314220269
0.091950536,0.064114064,0.19443174241899297,0.20042799569069292
-0.03803231,-0.22819749,-0.006654970295769488,-0.14968316907177937
-0.88534945,-1.154266,0.011949488836993427,-0.022445266734136826
-0.51689553,-0.7681296,0.09127661575082208,-0.057452441477765626
-0.45007792,-0.33421412,0.03802442356208613,0.12053392944971747
-0.70371276,-0.645819,-0.0749736893549604,-0.0869016287249521
-0.5595811,-0.43960506,-0.09799426428686686,-0.002285946878293532
-0.58336335,-0.23543212,0.03308923327207414,0.06488933619696641
0.49001536,0.5888075,-0.012128467001953636,0.01229910049161087
0.3435479,0.10166606,-0.14381322019048068,-0.2002203936392556
-0.6956007,-0.59419835,-0.08308576229960152,-0.08944768939521341
-1.5180382,-1.7873971,0.0046925913351274495,-0.0030713297598847777
0.68468255,0.8975861,0.05498027124598914,0.10084852859564741
-0.5669165,-0.7617424,0.19262622195010087,0.017982309837250354
0.18561901,0.4184355,0.145492486958266,0.11235249357061827
1.0901091,0.75063664,0.15330738706510405,0.19454880906383665
-0.13535607,-0.35469103,0.04044007551062456,-0.021241484603307992
0.44037893,0.03978372,-0.1646290115935946,-0.26858519712197265
0.021880358,0.09238555,0.07409720605756454,0.08198540533507703
-0.2665109,-0.29534045,-0.059750482713639474,-0.11120571015481684
-0.19320692,-0.14534831,-0.07891499924477452,-0.12056061590549894
-0.47711283,-0.38001966,-0.09821454304854893,-0.08153828741944708
-1.5490212,-1.1238006,-0.03768757219290575,-0.012556280205780146
0.21518123,0.42174217,0.10346474657320698,0.12509480826559682
0.29968014,0.26919302,0.04829647073054866,0.02614821904604553
-0.4034098,-0.17124155,-0.029908399999588053,-0.03826405198303681
-0.59306294,-0.35046154,-0.055835448076276495,-0.084842889281813
1.3128382,2.1248622,0.14909154027675786,0.10925049952169053
-0.1226995,-0.025496174,0.05760298622064956,-0.004780450425560759
-1.2609103,-1.2924515,0.24317913637625188,0.2456163064986261
1.2809598,1.1127069,0.10471023818323077,0.11143379585125879
0.459434,0.24944831,0.1328423694810793,0.07752702860710342
1.0044264,0.48537487,0.015221824397037453,0.0045021769054966465
-1.5197183,-1.5567496,-0.35886702088297073,-0.4365296571939503
-0.30698687,-0.30460873,-0.084412972846784,-0.15138310234474517
0.97479004,0.5525686,0.23074105510473375,0.2036471468366432
0.65069455,0.3005376,0.10986634853891397,0.11790761893567386
-1.8067857,-1.8840345,-0.07179960755289261,-0.08268506830598499
-0.93530107,-0.82937926,-0.2340939024038431,-0.2832288875276461
-0.8995718,-0.2216603,0.04878084484346301,0.0846069919948543
-1.2738892,-1.5036176,-0.005129036847632884,-0.03776707904619192
0.08453743,-0.04545746,0.1187413772109803,0.08021164060064079
1.1341606,0.9849638,0.042528661611709095,0.020706813758914144
-0.50183547,-0.14652207,0.04028651916363113,0.020879306466600883
-0.32889777,-0.23352055,-0.10796455320148696,-0.15076113674806063
-1.5935578,-1.8700842,-0.15510497812906388,-0.17046068635233302
-0.6018389,-0.38193136,0.09421639935558057,0.11602243816020541
0.66277236,0.6684892,0.04914856837195691,0.059339344937741734
0.12295103,0.38859382,-0.008519607573329244,-0.045755045276488604
-0.5238445,-0.2506495,0.016221993132283452,-0.015259414561962559
-1.8678255,-1.9745787,-0.010759802140600128,-0.03192003004280952
-1.3481863,-1.5852551,-0.019679351995216088,-0.04221885942991577
-0.7801487,-0.7010341,0.001462234221394576,-0.07983342372198121
0.26767534,0.17969026,0.04339355686417762,0.040508401182557
-0.009126261,-0.22718781,0.07699529898231064,-0.008385774342126562
0.9702999,0.6083066,0.2354756141737313,0.16581351880704154
-0.3879709,-0.37931585,-0.0034289466531652324,-0.076675981687778
1.8667524,1.6791294,0.12435091334253268,0.1248152268438174
-0.501819,-0.261356,0.010695010059530496,0.007970833854465342
0.3923338,0.27504003,-0.020770471248694522,-0.0045607789415542666
0.49378112,0.26538506,-0.014549908025938918,-0.06819302209741018
0.5456693,0.4181082,0.1154118390844775,0.11370026732988503
1.7927332,2.325687,0.00393243082889283,-0.007525865631765161
-0.065778896,-0.3975843,0.1643228913998772,0.10263878395200943
0.27505642,0.13208586,-0.0389028581474081,-0.1932544352944625
-0.32142243,-0.66010034,-0.052256820599191345,-0.11297464721665684
0.9812818,0.30717665,0.05168736486636982,-0.000610403703890372
0.5949295,0.6265923,-0.19318006885900096,-0.1318912652653726
-0.08176854,0.022036761,0.015205497805885135,-0.06196132190814974
-0.37557748,-0.31262776,-0.006778748782590549,-0.020167340969080905
-0.47973394,-0.13630909,0.06462517173945487,0.031075415854888072
-0.4869612,-0.41715834,0.04056640172881604,0.020909493822336533
0.05712978,-0.16184425,0.12879506733222895,0.07562814982382332
-1.0572349,-0.8890502,-0.08808452061574168,-0.046462661170083686
-1.2828287,-1.1356742,-0.05191774110561331,-0.05727153733995327
-1.1012262,-0.9020507,-0.04409319332997508,-0.033462172888833686
-0.6791407,-0.9690166,0.055539975421406984,0.00901284826602844
-0.055847846,0.05245461,0.0470905968653236,0.046402689651043466
1.0595298,1.0657976,0.10396073181167198,0.11900923199459856
-0.04329847,-0.08435491,-0.10905668404433344,-0.11234862637893323
0.66536003,0.23077053,-0.03849795281108004,-0.012334474255225852
0.46052873,0.30744255,-0.005861927649225218,-0.03696329435293122
-0.15814002,-0.11128653,0.006029284787761963,-0.01797421635785737
-0.2889183,-0.16756882,-0.13193440190407218,-0.17691513228251043
-1.2993304,-1.1547426,-0.03541607599025687,-0.038203177011278955
1.0249594,1.8610184,0.033307410594582976,-0.009854601232554883
1.5409281,2.145077,0.10712894087422153,0.12660699575135093
-0.121985115,-0.070019364,0.007270942539332498,-0.016660582473986107
-0.2564153,-0.22866437,0.029633662265546312,-0.05691150605106837
-0.26862454,-0.30376637,-0.05983664012426182,-0.13367174039644347
0.3983133,-0.047945328,-0.1594711084567155,-0.1075689370052571
0.40808815,0.29781276,-0.06817745828461347,-0.027333508338374335
1.3824749,1.2851717,0.16854664535881714,0.12617602940561468
0.52310485,0.25346905,-0.012220989961653883,-0.040506344623524704
0.3611014,0.09295829,0.0006850666299753061,0.043284767720348644
-0.040573955,0.024282556,0.10685424989081238,0.10305471029430113
0.41071984,0.042932138,-0.055899412267598425,-0.22469992320470106
0.84889793,0.45645744,0.05978267674215565,0.07442334008206042
-0.33755705,-0.3364958,-0.03514451301124971,-0.1053024485895846
0.56823546,0.3511746,0.18658152441282772,0.13898075771866097
0.60240144,1.5036819,-0.25601356384698065,-0.014501246846284399
0.787626,0.9429712,-0.10051393205609072,-0.02413207219717839
0.9793312,0.47629446,0.04031698917288584,0.013582586909158756
0.31945607,-0.095659874,0.007255832380056115,0.05768345459895308
0.5375832,1.4572026,-0.1836182197609672,0.0358743796857206
-0.74181426,-0.7223978,0.18322978784195187,0.09710323256444575
-0.014875988,0.09457417,-0.076129254055416,-0.024938985479730294
-0.74067855,-1.0181276,0.054383602253875285,0.003761384255058786
0.32714948,0.17617127,0.09953100769053597,-0.034825944605717224
1.0024327,0.7657017,0.10386306848730031,0.14014983896480526
-1.1058536,-1.27194,-0.15214437394415947,-0.12379799241539513
-0.93045354,-0.98324734,-0.04083742325953377,-0.05913496076677727
-1.6474681,-1.5898731,-0.06674344619767036,-0.05578358007007589
-0.12041525,-0.43586877,0.06851752138119477,-0.011402814364987579
-1.0405198,-0.872129,-0.10479957035939402,-0.06338382377536933
1.7973627,2.3472154,0.020078805415322032,0.010186779440199079
0.6042904,0.60232395,0.009128446640807475,0.038487645029047446
1.1685507,1.0198964,0.06936627289455144,0.051825459928612094
1.6309099,1.2765193,0.18152092052015423,0.15931939451936783
-1.2726055,-1.1476002,-0.021566844541754282,-0.029946010184524585
-1.8539718,-1.9740446,-0.02461347130716507,-0.04575722740073962
-0.037728272,-0.095891155,-0.060854050253746114,-0.13782705890888167
-1.4101716,-1.4407854,0.013097596232817255,0.03586332902761935
-0.5665737,-0.33641914,0.11419055700876873,0.11244162653076109
0.56028247,0.16002345,-0.03607761498151818,-0.14873973184410588
-1.614997,-1.5365685,-0.12182353906250754,-0.042758567690637905
-0.11810152,-0.42546335,-0.26401028408824917,-0.19537832916697628
-0.2383202,-0.5901484,-0.08293053455362592,-0.1297701777683702
0.44579607,0.35997418,0.42573239896479176,0.41934097274320303
-0.51404256,-0.4167058,-0.004823341660174507,-0.051531505854609805
-0.8937038,-0.7866028,-0.27569114952756135,-0.32600535294360067
-0.8670456,-1.0403392,0.056095430704997895,-0.0821951592325314
1.2446173,2.0537848,0.12113234936813977,0.089136289960698
-0.19282018,-0.10485074,0.1262571317599333,0.06492617837795256
-1.5904616,-1.0088601,-0.025186765597556393,-0.06153831338749027
-0.54788214,-0.46168047,0.04637020151997806,0.03750827476331259
-0.1601971,-0.22160424,0.12773091400510173,-0.0048780187002006314
0.046928495,0.23964049,-0.15186578898910572,-0.01433955706082879
-0.053982433,-0.13274689,0.14348281527417325,0.04179958670044712
-0.016136011,0.16754045,-0.019752076531867384,-0.04205855206138909
0.9957361,0.7509551,-0.04049312637701419,-0.07461312787084773
0.93253016,0.9399771,0.06206476800897054,0.07385711782764459
0.14940286,-0.13608578,-0.1235743973509504,-0.1588597268855455
-1.0891579,-0.37395102,-0.03660770746469466,0.09774477433274037
0.49599758,0.67493933,-0.022876915566007683,-0.020954595567175383
-0.42394188,-0.21288984,0.011888382874525094,-0.044020534711187
-1.5067744,-0.79534966,0.005368876368150088,0.06940112993579395
-1.6139863,-1.8894206,-0.08811417396368815,-0.10164144084835569
-0.28569162,-0.23947695,-0.15117070850162734,-0.1448047402875275
-0.17719331,-0.1202322,-0.029790151948200727,-0.07155459452399829
0.3267211,0.2686082,0.051808258423262754,0.08452788211794687
-1.2041641,-1.1769774,-0.07852040300039742,-0.0764535216988802
0.43854588,0.2576908,0.05266200532734844,0.012788464222508233
-1.3065149,-1.2669797,-0.17369930524586152,-0.15788763856082944
0.4991548,0.30857694,0.07185685469816794,-0.013885079361576236
-0.31134585,-0.19682555,-0.010027101712483666,-0.05730176225459338
-1.1697525,-1.3513905,-0.036550206534725405,-0.02468055625885457
-1.8785075,-1.9838337,-7.781533182327216e-05,0.010499685066434505
0.67918664,1.5730233,-0.1533930455586372,0.006977813897334428
-0.32695127,-0.47054094,0.03906412788429897,-0.025248633291924116
-1.449847,-1.3968638,-0.09622668097669607,-0.08505621787470852
-0.62177974,-0.39090276,-0.02259683905683696,-0.06239878709638563
-0.23157099,-0.1787723,-0.005598590035831269,-0.047338886647468326
1.1895227,1.0646458,-0.012833443757858776,-0.03763839549272974
-0.8009044,-0.78964233,0.005475037577719499,-0.06738825784790237
-0.20405924,-0.53244054,-0.012090046412219085,-0.08116518202899303
0.704793,0.6983734,0.010183224066124819,0.012478527372379977
-1.847353,-1.8672,-0.14882373787000858,-0.18153630531047016
1.3847363,1.2802469,0.12228929075599138,0.10596062596457645
1.2052494,1.1393046,0.2692680396741973,0.22844188591643433
1.4271218,1.1509218,0.072571172746422,0.09492673167095522
0.68867576,1.6601001,0.10207124954387237,0.053951690884110226
1.6242604,2.2422314,-0.018732781879314597,0.007930296335275422
0.9448963,0.76502126,0.10078284343667554,0.04880381162023495
-0.51694137,-0.49321663,-0.01732311339918491,-0.04830787137260262
-0.6401105,-0.4940415,0.000622353168302614,1.4532258354515992e-05
-0.37071165,-0.21126656,-0.2305244469995651,-0.15872875898664618
-1.5322777,-0.7999959,-0.006719944651286891,-0.011578067384892643
-0.15641756,-0.06951969,0.05917956175371317,0.0026922296502127074
0.84225965,1.3240383,0.056521875504569885,0.0679208672804692
0.24593548,0.1297752,0.014782486704569331,-0.05772802927234112
0.88397366,0.6155391,0.026540117383082595,0.015810120880760725
-1.1026601,-1.3226383,0.07173013739286493,0.010113742707873907
1.7388335,2.2893636,0.07860794398038551,0.06803857082203502
-0.37962076,-0.11829916,0.023051050001831663,-0.03294775197885033
0.47275516,0.23948307,0.0381286926078499,-0.02652036804671959
-0.41243467,-0.22501075,0.00038116975883295545,-0.015386802386101406
0.30015942,0.274085,0.03437398149911752,-0.01473796847267228
0.29720992,0.0013979226,0.0011490361643548552,-0.1005088649417545
0.68395674,0.8948933,0.0786817420705549,0.1385151180905717
-0.5239273,-0.29076678,-0.03575709536584604,-0.0520473391960129
-0.5155937,-0.23410335,0.007971220179250005,-0.03180557454464383
-1.0886679,-0.8849707,-0.05665153435628123,-0.05054212226780097
0.890625,0.22195783,0.0803832127405173,0.09870924398057818
-1.1231889,-1.3255316,-0.00917618631506123,-0.02252331121641893
-0.9890534,-0.89927584,-0.15626597575108714,-0.03623700752170722
-0.22548832,-0.2711166,-0.06081007466070748,-0.10509420472540171
0.40820256,-0.047560047,-0.1324526362044955,-0.18124142983662567
0.5707328,0.9255028,0.09340365858937538,0.04973970301182884
1.1321425,1.0117954,0.04454675567451427,0.05742169358959526
-0.063754365,-0.09274162,-0.1459177425936739,-0.14125489655941395
0.7854569,0.38534653,0.03156547658210407,0.017606313246708305
0.050004967,0.072219074,-0.07196100197730092,-0.08431304774923916
0.3361214,0.52176434,0.22486894998389872,0.20903282061390516
0.31657034,0.29764318,0.03140627273822383,-0.0023019421725976597
-0.029424198,-0.06798326,0.04339819196191794,-0.08029505023085265
0.27476063,0.25769487,0.047918306849716596,0.06009637901034548
0.20903304,0.10586667,0.05168492927907037,-0.0338195035670036
-0.11327933,-0.38353488,0.11332126951995465,0.06660320949215276
-0.15427506,-0.22922516,-0.0571080015232448,-0.09011849450557302
0.51699567,0.92593926,0.12832027093252263,0.05644640216551566
0.6462838,0.3366284,-0.12207895155607262,-0.32543745685553244
1.5831975,1.3761039,-0.0572291816286159,-0.06652328078737035
-1.838781,-1.7361534,-0.1573957202537366,-0.31258295810435444
0.08176642,0.08291257,0.17516301184278765,0.18756667980964736
-0.39231378,-0.5509524,0.00885765115742343,-0.004116349185275148
-0.9650854,-1.2355009,-0.06841096597827923,-0.0750754577094428
-0.34431684,-0.2760097,0.0003348608864695013,-0.04509654839012556
-0.2316594,-0.2885882,-0.07602591943893328,-0.10385713204470404
-0.97598994,-0.9529865,0.08829128895019078,0.04215008566055345
0.21906321,0.1663922,-0.002952245337596332,0.017812225045942515
0.360524,0.27475297,-0.1661665917890438,0.07680605348856256
1.198309,1.1287655,-0.021619645234909557,-0.03171778178037932
1.7698731,1.589065,0.12773875413563984,0.11552443805616663
-0.28615785,-0.32995248,-0.010039637938431545,-0.058596567511066344
1.4385186,1.2440525,0.041376108357187746,0.016546234979690544
0.29255658,0.20216958,-0.02743901697184381,-0.12706105064877002
-0.39617148,-0.15020621,-0.09495252407247329,-0.10317895404836669
-0.55097866,-0.27744234,0.023069149792675714,0.0009577866897421128
1.1571339,0.86512,0.11439108647109997,0.20854999537784202
-0.13280784,-0.4326715,0.23135183112384572,0.1376332133480841
1.8050114,1.3996704,0.05202645792120708,0.06316399987960919
1.1829906,1.1082829,-0.006301251527634166,0.0033294321538492877
1.4284781,1.1554946,0.07121480944991321,0.0903539825330768
-1.0238683,-1.2453485,-0.13061690538089232,-0.11105563566627885
1.7158259,2.3095253,-0.004463559167404929,-0.005836090590867649
0.41889098,0.09282793,0.07280574910049126,0.08376947406300556
0.58617014,0.36270088,0.0010955848304342597,-0.004740816591313479
1.6961842,1.5201821,0.16830856128345162,0.14915518432446273
-1.0412472,-1.2582921,-0.09111779092931904,-0.08976283415037889
1.2088282,1.130338,-0.032138911363449596,-0.03329027151884367
-0.07938029,0.00987618,-0.011624952879940878,0.05975900240455277
-0.51141286,-0.42258486,-0.022851623016036715,-0.0423127610932052
-0.86684424,-0.20906171,0.046606051401380966,0.08740799434235329
0.8381798,0.6648475,0.03334864471140431,0.11446765526311575
-0.12291452,-0.048669618,0.008200350314734567,-0.03801032920788999
-0.5299896,-0.8804775,-0.031527931316221225,-0.025627705333463924
-1.3938329,-1.3409071,-0.2177091662880155,-0.19788010505071396
-0.4773878,-0.4091788,0.05861268418013521,0.026938013871248945
-0.7117075,-0.5183278,-0.1972558873145781,-0.2553965958031883
-0.24513552,-0.46966186,0.053550634176032647,0.03370804940925909
1.7411243,2.3080933,0.013011928358864777,0.01721094054325345
-0.5945539,-0.46101138,0.014215864750375728,-0.0030513250463820585
-0.20881443,-0.21563265,0.034827927256367575,-0.0753238072974518
-0.9438182,-1.2234254,0.025077972688572703,0.007380225675987839
-1.8577578,-1.9605442,-0.020827503480321807,-0.03273501093082776
0.29702544,0.48255232,0.16436296571488812,0.14619935361707903
1.4679513,1.1445664,0.12437755961428865,0.09079928213109278
0.610157,0.26513827,0.11251847952257432,0.005340983067112726
-0.24021284,-0.1891993,-0.014066273921728267,-0.056393299329159846
1.1372664,1.081509,0.03942290199104259,0.030103361749796553
1.7760656,2.3335824,0.019377925431413923,0.012594788834498605
0.44846374,0.1141084,0.11179335624438891,-0.03593850240029778
-1.2506111,-1.2379242,0.16517504524470517,0.13320140306114125
-0.5179704,-0.75553906,0.1436800797534456,0.011778956432251575
-1.1616693,-1.3536322,0.11705170151537914,0.0767308323678515
-0.5748706,-0.18621728,0.0005209015366156589,0.0034290380318744706
1.6775439,2.2931511,-0.008222101015917138,-0.01079876269450919
0.5954566,0.41381633,-0.19370715273274974,0.08088468039807956
0.52658916,0.49621117,-0.02083816002562744,0.0702927562305331
-1.3285275,-1.5769703,0.04950922971578264,0.035585615465221654
0.5219317,1.4599861,-0.16796675529868693,0.03309084277470986
0.3983075,0.24494724,0.04340493708192433,0.02488263142062197
1.2450968,1.0616494,-0.030644309068040387,-0.010800533900962916
-0.9046707,-0.8138657,0.000962427544972666,-0.01162353880253586
-0.70059484,-0.9148301,0.2813308967649483,0.13210716376845288
-0.9985251,-1.0797015,-0.00527400093663366,-0.012033665048931885
1.089032,0.9200541,0.017263718511714377,-0.014202527959480626
0.35625774,0.32731065,0.007117461675414938,0.008756016424856405
-1.1340365,-1.0729095,-0.16563533622237792,-0.20918694782983072
-0.08477143,0.016281083,0.005009600946235621,-0.06325605943332197
-0.33564353,-0.05304646,0.01769249028148484,-0.06888556235834799
0.1684627,0.07649646,0.08846673726421633,0.1939827919941719
0.57546365,0.38124326,0.08745066848501748,0.12022986397604674
0.380216,0.29681444,-0.0016866420417488426,0.05632165290804697
1.8137782,2.3404012,0.02175055430588535,0.007260315439440834
-1.9230931,-1.9883717,-0.0730958600152003,-0.06036459243510395
1.1659248,1.0627815,0.010764511945876576,0.027772425309325888
1.1598438,1.1179019,0.016845497015151478,0.03601292664654232
-1.2665042,-1.2749689,-0.011780786428969625,-0.03978211494856332
-1.7586327,-1.7589942,-0.07296252684858828,-0.07211618801323083
-1.8999243,-2.0272021,-0.02299917713533528,-0.02153419292185932
-0.6940077,-0.6507396,0.1438557847716,-0.013703320386793227
-0.365042,-0.32028857,0.09927505173261619,0.022931079177992753
0.864972,0.29007214,0.04969695358348025,-0.019592891539973456
-1.4994602,-1.4348733,-0.24422860535276092,-0.21857587736931516
-0.44074705,-0.23757797,0.02869355484107783,-0.013766277776171676
-0.41478357,-0.25071037,0.002730069600141549,0.04361674873252344
0.8071785,0.70288473,0.04137430906826567,0.16381845757957614
-0.426109,-0.18996777,0.014055488549268746,-0.017125853019757747
-1.092156,-0.95618576,-0.05316335133473582,0.020672911263387994
-0.59249496,-0.45579654,-0.06520261161235075,0.01390553566565178
0.49898612,0.511604,-0.010711300588484574,-0.010130888368084734
-0.17361419,-0.10123471,-0.013571097285490968,-0.06800930955246762
-0.8789697,-0.20244063,0.02817879740007312,0.06538732527541766
-1.6920934,-1.7216288,-0.13950181441572695,-0.10948162456718591
-0.9580076,-0.27104038,0.011158808805038056,0.08537631247928973
0.037473027,0.20101304,-0.14241032048348476,0.024287888636955635
0.35312513,0.09985997,-0.07102023143014585,-0.11213947905051147
1.1588362,1.122558,0.01785305393043468,0.07375211090476541
-1.2869098,-1.4794339,-0.08217789769115691,-0.08978141608466483
0.6845338,0.28300783,-0.028952112820297415,-0.04314222441798987
1.5816727,2.223959,0.0027124749319802355,0.01544153597507636
1.1609447,1.1485728,0.07746114634260537,0.04142903970387701
0.6703663,0.26027596,-0.007207544166871083,-0.05195168580916665
0.3878515,0.2601922,0.06681529722527124,0.010287065897541803
-1.8039597,-1.9164517,-0.07462558297098343,-0.09664292476617309
0.4911285,0.50565183,-0.1937472374880399,-0.08293926982322442
0.57857645,0.35955656,0.027387556790983814,0.033748352579596685
0.27762958,0.037285753,-0.07789489381261203,-0.13584008316342933
0.5839421,1.5764042,-0.05814851869553905,0.0035969192363847213
-1.1875155,-1.11223,0.04219609328348928,0.0447073459629308
0.5243713,0.10048835,0.03588576823932299,-0.02231845363892998
-0.07673281,-0.3098126,0.07677474863114926,-0.007119063619190624
0.43438327,0.35828584,-0.1370020063364591,0.06442671747764839
0.56832284,1.025244,0.039352118799206526,-0.02857196556028274
0.9822604,0.9960658,0.25602322958200197,0.1938432782029642
-1.0652987,-0.3810765,-0.060466969931125325,0.10487027119705922
0.35563442,0.30726814,0.19191273072240778,0.15283017415351113
-0.8416114,-0.25485617,0.04581539677390545,0.11956546396545911
1.2102265,1.0266651,-0.04368074803416877,-0.02934367914034719
-0.47524032,-0.4171276,0.2454034001012708,0.07700378451448964
0.7568139,0.37739113,0.061797231425975485,0.03548795803852289
0.34875643,0.13758557,-0.0836388656237298,-0.06247703384884326
-0.42979282,-0.26022482,0.017739323817289376,0.019827264119330723
-0.47172058,-0.19483891,-0.06107737388006518,-0.09018035140945052
1.6676704,1.5302432,0.5491566184539391,0.44884859074485584
-0.1861648,-0.1203596,-0.020818669432865644,-0.07142719704637149
-0.41824794,-0.2596105,0.006194440566099191,-0.005185198988672535
-0.25853598,-0.2788736,0.14834361502913565,0.02873533214104923
0.22618926,0.10479432,0.03452871575711297,-0.032747156402849545
-1.6710712,-1.7527834,-0.20751413849771683,-0.24049582178287854
1.5505378,2.2008848,0.03384731875827418,0.03851568606052558
1.2079229,1.029927,-0.031233636018600963,-0.06655891893110488
1.6016616,1.4273595,0.20294777433840983,0.17833857991532365
0.6679778,1.5376618,-0.19571262445708154,0.01525090439167931
-1.8288884,-1.952312,-0.05740840708293993,-0.09642432964060932
-1.5887862,-1.0821912,-0.007516134124121221,-0.03227229166013634
0.11371058,0.14973189,0.0950677208498785,0.09597813984233572
-1.005324,-0.8585893,-0.03061656681535152,-0.027106804752168312
-0.9931646,-0.48901197,-0.008556898325249973,-0.06299538642035385
-1.0372564,-1.2882218,-0.10671872304185714,-0.11011367067265287
0.53916514,0.90226084,0.10615080014547429,0.08012482413969779
-0.86925495,-0.80636966,0.09056849595158867,0.10704572947258861
0.3353789,0.059903093,-0.09922532165982875,-0.12107166820128089
0.84190035,0.46611765,0.08107894721230202,0.11810508409429155
-0.20612264,-0.24927273,0.03213613679482735,-0.04168372064660342
0.13525838,0.15929171,0.018158350579611238,0.05144454392632192
0.85420936,0.41040552,-0.07592787310150917,-0.0627427707897193
0.3187923,0.5167358,0.12817519834307095,0.1275082412552786
-0.92510706,-0.86539054,0.03740841303084874,-0.04544585397567702
1.1708895,1.1283581,0.005799802663955189,0.04680073688840003
-1.8757241,-2.015613,-0.022769402390516058,-0.03312324321482807
-0.28466445,-0.14855246,0.09479052410516908,0.03710329329919221
0.66507864,0.8851159,0.11185852954662168,0.047360223432783455
0.91981006,0.39475527,0.18233054230353507,0.17471724925784637
-0.87219465,-0.2582944,0.05024550855819776,0.07021835183445396
0.77442545,0.79218465,0.10785759108693638,0.10800801324452147
0.2434164,0.25992912,0.021701168145877747,0.0214040598827529
0.054467414,0.004837524,-0.07776776982301131,-0.18141026661823068
-0.47019106,-0.58976954,-0.20168298890435188,-0.1444353928253168
-0.074198574,-0.11545281,0.06593016865903863,0.01253835527419389
0.61509436,0.29726717,0.07030677853395362,-0.029107132796246382
0.8723663,0.8820067,0.06674483664902842,0.07570250556604918
1.4417365,1.3378196,0.41469033490691554,0.3505353084873368
0.11230781,0.33059457,-0.03698390113988481,0.03154008157073512
-0.21843171,-0.21295172,-0.020815454467054045,-0.08913696956683581
-0.03720077,0.101657666,0.05691868152856361,0.08013478172889224
-1.6799701,-1.7603904,-0.23067110623799114,-0.28834592139933735
1.846606,1.4386673,0.09976806299023333,0.07843670941633807
0.5193921,0.6960702,-0.18828057467484405,-0.1652821867005304
1.6579694,1.2993826,0.19906849397772564,0.16345179494644269
-0.90514946,-0.85699654,0.12646300908177666,0.12501804816318196
0.06852708,0.09495586,0.11446470528145633,0.07681757514748716
-1.0495927,-0.35048997,-0.04537574497269703,0.0897760905311969
0.7717967,0.22582,0.13028451420648668,-0.038554208190952066
-0.32724732,-0.66637444,-0.04643192688619391,-0.10670054309830967
-0.6685007,-0.4902726,-0.11018572930247017,-0.07917524929850883
0.3926261,0.22912559,-0.021062772426673038,0.041353662405567926
0.5435166,0.42059505,0.07344641467539426,-0.07692135481033868
-0.74959105,-0.5879161,-0.09423385290424247,-0.10111053948116588
0.02728855,0.07357623,0.11537361004073335,0.1969030247073944
-0.5553978,-0.4912423,-0.15350617011917145,-0.15807935549747043
-0.16005689,-0.09522411,-0.00977443747383061,-0.05426019229786527
-0.89464694,-0.928562,0.012447788080918065,0.007242737954034406
-0.89778626,-0.81709117,0.03892940313489601,0.012103772617441555
0.70244795,0.57347465,0.16223670548207292,-0.03452299925090996
-0.18597935,-0.23426388,0.04951162360854158,-0.02821260528584346
1.4860773,1.3915752,0.17041231552374891,0.13554780081152829
-0.1153901,-0.44394088,0.06349237298947114,-0.003330706334668365
1.4907156,1.2945291,-0.010820871165517332,-0.03393031607621766
-1.768864,-1.7481433,-0.06271893005587437,-0.08294854066071067
0.8285858,0.72176737,0.03231031229725123,0.09790213348687649
0.6986653,0.8949191,0.015088769728368367,0.06418164229407153
1.6043695,1.2918068,0.02364494367483938,0.03196737949092254
0.3405192,0.06566739,-0.10436562622525844,-0.12683596634228356
1.275631,1.2212437,0.10209541785944376,0.08110090551542681
1.3306735,1.2533908,0.10058132375755213,0.08977204971085562
-0.21199045,-0.1500884,0.005006980067027544,-0.04169839698800662
-0.69420075,-0.50553435,-0.0067595105200241035,-0.033670938723431076
0.69013774,0.79908967,-0.15615601138451052,-0.11272868194532293
0.5545636,0.3412236,0.1543020692825562,0.10004268886770767
-0.2124362,-0.20882401,-0.15109953759935535,-0.22601658007017028
1.2798101,1.2323345,0.23772566393670136,0.18281679556356756
-0.67245334,-0.24096301,-0.07506930586963456,-0.0293988082977647
-0.571233,-0.82317215,0.07216525605425494,-0.02884893415042933
1.3581804,1.2936786,0.09385024358629068,0.11349454726109842
1.3853256,1.3090492,0.12878827633230516,0.1452504003450985
1.7634765,1.3708271,0.18277537719047499,0.14627692796034442
0.044173233,-0.09948549,0.023695804894614564,-0.13608809992463083
0.18675296,0.046516314,-0.05508978812914478,-0.05833198225685277
0.83983946,0.4832181,0.028633738372553008,-0.015141685219571432
1.6246547,1.251002,0.18435428200786008,0.1488425132884159
0.61778146,0.61537063,-0.12950663588130074,-0.11399027715018739
-0.9262232,-0.3923228,0.04830144836003436,0.09088349953704483
-0.35225272,-0.10968092,0.03430168217601609,-0.012251102713791942
0.49008122,0.36288217,0.08093043997000327,-0.06819030497230927
-0.049232703,-0.17613307,-0.08063563193349624,-0.08133391527157469
-1.0178198,-0.7757921,0.2391333114728289,0.19103743842183774
1.0259706,0.5943486,0.18921518135611604,0.2226305999062259
1.2071542,0.99959826,-0.1310444954624519,-0.13975995153624543
0.3801204,0.3773772,0.04863767839235811,0.13253785533186424
0.063437045,0.084813714,-0.08038242968083903,0.01812540445744433
-1.5881896,-1.3821825,-0.05526177439560698,0.050918686536966185
-0.76575947,-0.7321632,0.039257107655634504,-0.012617367217533038
0.87763923,0.48521388,0.32789185771703844,0.271001885548954
-0.055211626,0.1046514,0.07492953624963294,0.07714104903808108
-0.6802736,-0.4751205,-0.09841285828501412,-0.09432734604686088
0.06316787,-0.12479453,-0.044794280616606674,-0.020144114157135296
-1.8817927,-1.950545,-0.1021873986674744,-0.09819136893962055
1.1393077,1.9689862,0.09176545016988924,0.04609982118845446
-1.1009061,-0.9056853,-0.044413270272418925,-0.02982754125507514
-1.0428263,-1.1628275,-0.07511784852202497,-0.10219950381909748
-0.6257663,-0.89496624,0.126698558838221,0.042945158504752556
-0.52974665,-0.24708623,-0.003051298516905998,-0.037933035764232625
-1.5662485,-1.8381705,-0.0006743217594711304,-0.005120401482404668
0.44470832,0.107566625,-0.05713534425090139,-0.12197981443046972
-1.2026597,-1.2131199,0.003445278103172855,-0.04160981396776808
-0.42634973,-0.29748642,0.01429623170951655,0.011539475512188646
1.190504,1.0783416,-0.013814655420151256,-0.030182985526656658
0.45103103,0.024766576,-0.09303311417920596,-0.06719588922749611
-1.552234,-1.1428357,0.003985034157002021,-0.08109475933647547
0.3418791,0.30784386,0.2556523448402026,0.2357462135472811
1.0915692,0.8344778,0.179955838096161,0.23919220681506737
-0.7954184,-0.7328653,0.016731930933888473,0.000886785860783279
-1.3708375,-1.5435499,0.0016275227026276706,-0.025758183578467486
0.4055481,0.1959069,-1.010773060583503e-05,-0.02960681935830864
-0.7991412,-0.67990875,0.020454777441914596,-0.035649689387622585
0.9468667,0.869571,0.20256955883596928,0.1411091235441866
-1.2336569,-1.1386526,0.0005899925242769388,-0.015701465301389606
-0.2600501,-0.5853943,-0.00901655768768389,-0.08164612915247416
1.1198684,0.734628,0.10472760763502742,0.124931985572038
0.8063113,0.3757123,0.11385713389706875,0.15776599230210198
0.91856045,0.34175417,0.11110903993856192,-0.07127491673414155
-0.22889382,-0.22801857,-0.010353349192853606,-0.07407012236167376
-0.8849217,-0.9273334,0.03168657833027366,0.028000330655773342
-0.2722038,-0.3087717,-0.07984410119258073,-0.16456786763189934
-0.006605618,-0.35487875,-0.14978250008052926,-0.10899841433398455
-0.30854645,-0.33795395,-0.06415510690239351,-0.10384428055979944
0.5901169,1.4127984,-0.24372904655877264,0.07638224657717751
1.7658036,2.2574074,0.14268509847294708,0.1460080036379967
-0.54127634,-0.37403303,-0.013030747702601375,-0.06720858990934675
0.05437145,-0.25147316,-0.028665201604925698,-0.04347234676240708
-0.3172743,-0.25590903,-0.01644195435248036,-0.035882346510855145
0.0003596251,-0.11815278,0.16430051265184595,0.08425818195022432
-1.608575,-1.5372648,-0.20094889652221548,-0.17323709908584317
-1.3523115,-1.3524337,0.03088605953751644,0.04621741731757578
-0.9016554,-0.81680065,0.12296892520039848,0.10124221210544992
0.39921954,0.23369178,0.0800116688173228,-0.0364997423542156
-1.0286461,-0.88852704,-0.11667329243581004,-0.04698581113727729
0.6335257,0.24104583,0.1324124517563583,0.09724728228251134
1.1813618,1.0600259,-0.004672495004501842,-0.011867312652205975
0.095763676,-0.07776992,-0.07739008644040962,-0.06716872181552153
-0.28697717,-0.31226745,-0.11371070414396167,-0.15077479767268998
-0.3988661,-0.2891337,-0.013187410391771293,0.05894069120899009
-0.9982654,-0.4973829,-0.03290895887706058,-0.11427467506220013
0.037010618,0.20989607,-0.14194791137460758,0.015404859414467231
0.18427172,0.35108754,0.05615922503095433,0.05409175167745284
0.9379891,0.35057923,0.09168036953222036,-0.08009998043958588
-0.01791024,-0.06829357,-0.19176186722376748,-0.16570294860809712
-0.43325937,-0.3260292,-0.10100511403623935,-0.06827148926023274
0.6688607,0.78370094,-0.13487894133903933,-0.09733995475721258
-0.9250066,-0.97645724,0.018976331546049052,0.03315182701880581
-0.43122548,-0.34469652,0.019171981059110665,0.05874957282511589
-0.6538669,-0.68936706,-0.22344382806643992,-0.1724875043328864
-1.0575148,-0.8837865,-0.08780461720387644,-0.05172634735019843
1.8319372,2.355983,0.023023068955758452,0.00642868025177723
-0.5371178,-0.4368577,0.007986158620203021,-0.0013225588518077092
-1.165329,-1.0982805,0.013532393395417008,-0.02518152790377237
1.8478163,1.4351487,0.14255368545347147,0.10876542284012092
0.72618777,0.30100867,0.18151515722870748,0.1572342728725073
-0.54935205,-0.4171872,-0.03098597326613428,-0.04687549110587608
0.64476794,0.52462256,0.11017125229632574,-0.034467208856961584
-0.375308,-0.25387335,0.05393505982850144,-0.00025396302497149303
-0.35249338,-0.116292015,-0.26475236483941444,-0.2293979273975612
0.9969107,1.8536545,-0.04313422731962635,-0.05713140470842193
-0.7015872,-0.62589484,-0.07709925059229561,-0.0904985149035924
-0.2949338,-0.4405286,0.006924447493782293,-0.05526097264548552
0.08819162,0.28633234,0.09614448522285649,0.06207255576996962
0.7322418,0.52249193,0.16580644569213832,0.15635479786147966
-0.2584343,-0.17910546,-0.07528196094236989,-0.11268591153618474
-1.6090132,-1.3815433,-0.03443817648758696,0.050279486326394895
-0.54179484,-0.19971369,0.05201515285970293,0.0597845556630798
-0.535178,-0.22442265,0.007268494904522638,-0.051969132220683445
0.49944076,1.4747298,-0.07899303135241525,0.05192939856132628
-0.99310076,-1.0768901,-0.04332865446628653,-0.06438354159057269
-1.5164175,-0.8599674,0.03380800361752323,0.17678521814597337
0.32480478,0.12465592,0.14782703553465976,0.08533819208568055
-1.8182842,-1.8369776,-0.059054604279214384,-0.11566898157987682
-0.1713525,-0.09947103,0.03671794265694686,-0.009937226834976928
0.4640485,0.24979559,-0.005226527663274583,0.009180356420968427
1.1823815,1.1702386,0.07093407594459666,0.07162088839587955
-0.16433296,-0.09103826,0.02969839304871627,-0.01837000257083203
-1.1913396,-1.1243467,0.1736084757851264,0.07751153869924865
-0.990102,-0.5088907,-0.011619504183099094,-0.04311667114363571
-1.5320748,-0.9025774,0.08708185032993221,0.30511341539759607
-0.25966007,-0.30258608,-0.06660132137483332,-0.10396008012895319
0.43423396,0.38380408,-0.08625734916424199,-0.08846284038121582
0.59016216,1.0313157,0.036333289735478225,-0.04178683627235036
0.31324065,-0.04334488,-0.07439844205008403,-0.11216938367650459
0.29292196,-0.16732295,-0.11151891775079589,-0.06147852861988029
-0.50354004,-0.41359624,-0.08095315750043697,-0.12588735279808516
-1.8782268,-1.9813205,-0.000358553208715362,0.007986514824124935
1.2694035,1.0777763,-0.05495096399815513,-0.026927405009971705
-0.91140115,-0.25208223,0.030057474966911024,0.09953655953300852
-1.195385,-1.1141546,0.0028921353497326496,-0.024799859731043483
-0.12146081,-0.06676486,-0.0330941431786744,-0.10674651656965078
-0.25957653,-0.30896577,-0.07597289209805164,-0.10463080172681072
0.23099346,0.032944985,0.13079299097213076,0.10329806939089994
-0.58742994,-0.4730027,0.03067863759390177,0.02090714935510618
0.5274464,0.67057335,0.006535343367076396,0.015787634468556466
-1.2207752,-1.1234725,-0.012291644095290932,-0.03088157623278609
0.5933278,1.0050172,0.0519881190427216,-0.022631497290508507
-0.18707377,-0.25636414,-0.024309294038045826,-0.06297951626269888
-0.9080504,-0.95053154,0.01570775166120575,0.02151249905741137
-1.1722443,-1.3862975,0.028269227283155063,-0.012038042392013226
0.8070205,0.19816527,0.1386900535708364,0.028898268289978962
-0.37143424,-0.3206072,0.027452262247934955,-0.0004990716693156205
-0.6176921,-0.460324,-0.04941570908724624,-0.04761827426899945
-0.8676188,-0.24500175,0.04566965997879102,0.05692569648567619
-0.68953264,-0.5828018,-0.08915381316096016,-0.08433140179993248
0.87134653,0.48025388,0.3343067694689441,0.2760546546868915
0.79986227,0.39731678,0.01716010682349811,0.005636061448078544
0.61352617,0.3072501,0.07187497673799415,-0.039182844954050555
0.8667439,0.9932463,0.083121790207635,0.07439371166278663
-0.056879677,0.18316142,-0.0480576169419675,0.042139509549507514
-0.94122094,-0.82860714,0.03751265137233473,0.0031178819433137495
1.1881615,0.8677343,0.06454303940949235,0.12031023706777566
-0.47832003,-0.4154319,-0.055944449620879855,-0.07776016569941524
-1.2760185,-1.4896756,0.10784564232316485,0.07881637019848653
-0.5678401,-0.19019672,-0.006509585523931216,0.00740848253565865
1.1991129,0.9147243,0.02853838780658191,0.04381983760896602
0.9537064,0.66629696,-0.033049096532898226,-0.04236925393472324
0.6518491,0.017394926,0.2502321264921007,0.16987087035008835
1.1746728,0.94723165,0.11567267292327132,0.21197100907465982
-1.0062797,-1.0958214,-0.046281559817929585,-0.07003595702741361
0.73475516,0.74110067,0.03411608613669981,0.044337208642536985
-0.67768455,-0.7410994,-0.28285185001098534,-0.1724272660009989
-1.0965799,-0.91499305,-0.04873949459950633,-0.02051979913623969
-0.7648253,-0.7494244,0.08244108942250628,0.024774631066986297
-0.40516794,-0.2734691,-0.00688556031128118,0.025186202446711575
-0.7807323,-0.68161905,0.0020458232983904256,-0.017704884693671152
-1.0555078,-1.1743209,-0.062436364299612856,-0.09070605937634846
0.297731,0.48615155,0.16365739573235943,0.14260012714231707
-0.5174287,-0.14696752,-0.00033730293098332975,-0.0070624517454342395
0.7856622,0.783229,0.03808180232689373,0.1775415815149456
0.2764309,0.26713362,0.1020984555572807,0.08600247122736765
-0.735443,-0.77429456,-0.1418677191339448,-0.08756000503860539
-1.7493782,-1.6349664,-0.0071549958032579575,0.003225011331240424
-0.38313317,-0.74354565,-0.09418099026487403,-0.1343578805608392
0.7597309,0.30184627,0.11631940237815219,-0.031367014254969794
-0.50219446,-0.4179562,0.05579968000335217,0.021707361597299912
-0.3869798,-0.28283438,-0.033872899924244304,-0.06164956915213171
0.12294756,-0.20551378,-0.09711909928481118,-0.08943173001168991
1.5780655,1.2645028,0.011696912137614701,0.036079277059264614
0.6690426,1.5406827,0.06988696610549361,0.14720836818171557
0.90983826,0.8371732,0.2395979907283643,0.1735068705839815
-1.6063645,-1.2492459,0.038903902400977186,0.06910217645689953
-0.017868463,0.048575748,0.009111213843730507,0.050281551316769174
-0.6872737,-0.7176124,0.1371217712141659,0.053169455167863755
-0.5952792,-0.36016592,0.062481266599976326,0.07514666112945939
-1.2858742,-1.4403543,0.029098425864025224,-0.0436065985193097
0.02998168,0.23196876,0.04399790711070112,0.004742712292585549
1.8101076,2.354655,0.09349264584512817,0.04467858367264732
-0.17036967,-0.4751139,0.05858856084883124,-0.03273559652167235
-0.6984253,-0.26232758,-0.04909735676914018,-0.008034238633763235
0.06289313,-0.036812022,0.10176700785656287,0.00291742195762483
1.7024802,1.5154116,0.19513169942525166,0.18917777839582728
-0.9208646,-0.9048677,-0.02451765140194717,-0.08018358282433435
-0.22535026,-0.1278168,-0.19550242773148002,-0.21666715371443335
-1.3006024,-1.2471665,-0.09578721418728242,-0.12306009961132935
-1.0145267,-0.32661682,-0.023980278752779638,0.0945684446749949
0.6792027,0.6876816,0.03271825001639661,0.04005417872033701
1.143286,2.0174565,0.39612551137249996,0.29022168006000104
-1.0605682,-0.86434644,-0.08475119046132273,-0.07116640224369208
-1.0674998,-0.66733843,-0.04262288360706501,-0.10425225921111025
0.800719,0.9320152,0.010681644377601773,0.0756963175572023
-0.35782084,-0.22405785,-0.21750653404395603,-0.23750009896195806
0.67944866,1.146759,0.10531000834326476,0.11532402907883443
1.175853,0.68946093,0.2035843085763145,0.1716761406708438
-1.0469909,-0.34593,-0.04797760692643238,0.0852161265896228
-1.0661258,-1.2985502,-0.03177579143952536,-0.036424289139818544
0.42097014,0.5942698,0.09553541991008474,0.09032857229275937
-1.5884405,-1.0766867,-0.018848608560391167,-0.012822021030800324
1.1868187,1.0469543,-0.010129419442978405,-0.019946902458366944
-0.4051599,-0.20251808,-0.19607621077252957,-0.16747724562471533
0.4146523,0.33217597,-0.08011888191755423,-0.07282895329399186
-1.1342541,-1.0132459,0.03317507036321077,0.01854671191397972
-1.5715725,-1.8472428,-0.17709027056375626,-0.19330202069528957
-1.8366369,-1.9333963,-0.041948409356481475,-0.03332324331666614
0.85345715,0.5621125,-0.019080820649882924,-0.06917410082526387
-0.11412714,-0.15162468,-0.022340591025876905,-0.11085180776139125
-0.94523346,-0.4219563,0.018427300404444402,0.0214401024546631
-1.8093562,-1.9053967,-0.06922909764230911,-0.08128669048724935
1.2759604,1.0917493,-0.004435422050933724,0.0168016808013578
0.93103665,0.4927231,0.14873933771225478,0.11246533581416862
-0.4432173,-0.22135589,-0.01674289614134694,-0.020525967764008224
1.1240296,0.894304,-0.07835051218084765,-0.08047890131616642
-0.49077293,-0.33499056,-0.04349154921118137,-0.07341097022335796
1.4159248,1.3552363,0.09818903984396288,0.09906335715509607
0.8090723,0.25339374,0.049501791409716556,-0.10574014471372786
-0.48754963,-0.44404268,-0.04671484919134494,-0.06325020065195086
0.49330837,0.107599534,0.013542528686015687,-0.008927772265320169
-1.1165648,-1.3097223,-0.05539664784957199,-0.05336112569644236
-0.4268714,-0.288879,0.014817891560590768,0.06425211793904173
0.59595364,1.6206745,-0.12368845787306665,-0.06776179568919227
0.104738265,0.11770203,0.2877231473669384,0.24192786855021875
1.1734709,1.133458,0.003218444708022572,0.020456829615902672
0.27206564,0.10928878,-0.03591207588651332,-0.1704573574002517
1.8202584,2.326676,0.025047216077026313,0.0284070860373955
-0.17670287,-0.22816487,0.002594160934072526,-0.06288435662967151
1.0395647,0.3301815,0.19957438375315095,0.16414842946698205
-0.9138457,-0.96661526,-0.006116630803846501,0.0021586024355757516
0.69695497,0.93128383,0.06568351876580636,0.1020318064836101
0.4714965,0.36771554,0.07605065920827814,0.09238277930564126
-0.15469481,-0.17604452,0.04450244436053366,-0.07409373675810543
0.37229875,0.13728055,0.10033307110098971,0.07271355579322297
0.69207567,0.8952561,0.04758714952662879,0.10317853376456221
-1.2555422,-1.1333869,-0.018220989436507518,-0.03636676944961614
0.7185521,0.31155136,0.1891508102476589,0.14659881349561782
0.14837267,-0.2616806,-0.08001478300443426,-0.04578866643165791
-0.07229512,0.24198067,0.05229446217853233,-0.01575205349330966
-0.9769942,-0.47616023,0.0016702918030834235,-0.02259794173557378
-1.737111,-1.7990736,-0.14147433785379593,-0.18093047261284734
0.40469015,0.3351195,0.08688437453616127,0.08954121703057716
0.51154715,0.65140456,0.02243458433768797,0.034956428623677316
-0.3664486,-0.33771873,-0.04560488656898687,0.1240385335508985
0.38158703,0.18039957,0.023950959469101196,-0.01409947892709526
1.5785543,2.2535884,0.005830870737339122,-0.01418793294277032
0.98600054,0.7834967,0.05980079731428334,0.03032839829778622
-1.3614926,-1.320483,-0.1845443668177318,-0.16143706675929104
-0.556986,-0.47864947,0.03812007636579595,0.010412174193379087
-1.2423406,-1.101421,0.01208452665326143,0.008665335817579889
1.116441,1.9216222,-0.02102201658029257,-0.03520626234155011
-1.4916782,-1.4348534,-0.3178212028681233,-0.2756484884367343
1.2508459,1.3272792,0.1134372513857329,0.0999320010475735
0.52415633,0.6993217,-0.051157880660732735,-0.045336948396154875
-0.48520562,-0.6185734,-0.18666842987381904,-0.11563150784225407
-0.935928,-0.2668095,-0.010920778177688995,0.08114542578152056
1.3325064,1.2430063,0.17451917204261247,0.1432011311830823
-1.0398147,-0.2826208,-0.024356599672777257,0.03758480140887832
0.3193642,0.51772654,0.12760332157877347,0.12651749284982206
0.81469077,0.41074133,0.15313995842768335,0.05881938720179247
1.3573323,1.3213788,0.03310396234008883,0.03903897551705504
-1.5665013,-0.920574,-0.012716023095159068,0.017437411978594053
1.7911125,2.3296947,0.047960292703326024,0.03856137444813079
1.4842739,1.2781926,-0.004379158786061765,-0.017593875036178597
-0.63646495,-0.4845288,-0.0030231861154498274,-0.009498160431541114
-0.8998516,-0.7746644,-0.07437240558222735,-0.08394325641442091
-0.08188831,-0.02170097,0.0649429255509229,0.12464008931338229
-1.0480636,-1.1635706,-0.06988050759490094,-0.10145635310803791
-0.47861877,-0.35631523,-0.0556457111412656,-0.06414622685291704
-1.0343261,-1.2756119,0.003396153971539251,-0.036912653089855585
0.82459307,0.8228559,0.13419404713242566,0.14162543005168537
-0.13245648,-0.27415213,0.22831183498749727,0.016777916824125827
0.4869134,0.040291537,-0.15873497795510316,-0.11101528028247093
1.7642791,2.275874,0.08102646793859858,0.07920907845377734
0.41870654,0.4619983,-0.016957088836570544,-0.023886160451532246
1.6675625,1.4638696,-0.0023958806710566716,-0.0063230208419660094
-0.7230487,-0.9937128,0.09944797541377759,0.03370901954975036
-0.42123735,-0.29968563,0.009183851920164132,0.051402739207041775
-0.9802747,-1.0623176,-0.05615473955692374,-0.07895604277312884
-1.3668197,-1.3681533,-0.029545468714342604,-0.002073280344056405
0.45015255,0.1448165,-0.1744026236159945,-0.37361798012363395
-1.171697,-1.094568,-0.1109875298467109,-0.15886290356533528
-1.0018425,-1.097334,-0.050718767993588765,-0.06852331035230375
1.001506,0.6531415,0.24191052598874907,0.29204394770900877
1.4470412,2.0225987,0.20101591234791538,0.2490852424401937
1.6344305,1.4415478,0.030736076383081512,0.01599879941712823
1.7112714,2.3082566,9.095094917221935e-05,-0.0045674653314682345
-0.48528874,-0.24831828,-0.13195700117478737,-0.09737165736563219
-0.4126347,-0.29398784,-0.04744771391818603,-0.06237049334115913
1.4805913,1.1643541,0.19826293717206656,0.1903120620667622
0.25948355,0.230689,0.0056340208909339,0.050644176359765536
0.03539557,0.29140544,0.10066719729537474,0.11683521724617657
-1.562717,-1.0325943,-0.014361629765140771,-0.12565598740224182
-0.8304889,-0.8569236,0.031271024077346055,-0.0014057723839409064
-0.60444045,-0.447056,-0.09028705381349855,-0.07489433026189718
-0.4045131,-0.3937676,-0.12975139113012668,-0.09942445731966976
-0.6575491,-0.43935895,-0.04341118145279388,-0.09984633993421599
-0.1625555,-0.33944553,0.06763950776446215,-0.03648698183002308
-0.40311033,-0.6672788,-0.02250859152075385,-0.1583032024145027
0.7015991,0.95571125,0.09415854003291169,-0.03037828457405345
0.8786368,0.6735339,0.0194114776593014,0.0053128133033741864
1.266995,1.0751805,0.061602599907274236,0.09116531284641916
0.4578292,0.02366114,0.05146590653686711,-0.010058205771329059
-0.1053192,-0.35404906,0.20117455547699922,0.09658207508105593
-0.5650146,-0.49801618,0.010829728319324383,-0.010297159544197632
0.8420471,0.6430069,0.05600115976150477,0.0358398089622487
1.7374731,2.185955,0.08840091831558072,0.15437771925667532
0.59699744,0.8795143,0.12347825488172737,0.07429865122795287
0.53444684,1.5151668,-0.16581656483084833,-0.014668336219925804
0.56192124,0.7252301,0.020578254468590074,0.03460363984399717
0.30307955,0.27842817,0.13154465675921173,0.11014554145226152
1.8259333,2.3463378,-5.9288669892909596e-05,-0.006005028393471168
0.36417636,0.21174149,-0.08366021181036332,-0.09572199783099881
-1.0619497,-0.8959885,-0.08336967400471873,-0.039524322890359564
1.1644126,1.1163635,0.22944560104311806,0.20536976145008135
1.221127,1.059143,0.12103593909633026,0.08456735219703448
-1.2852464,-1.2457116,0.068189120462393,0.049240581800578775
0.16844708,0.34815902,0.0158890289540691,0.0002458796396748175
-1.20286,-1.1232194,0.010367153851014388,-0.015735066144312526
0.04469663,0.12574293,0.051280935467736044,0.04862803096497892
1.1672113,1.0120021,0.1749516781557785,0.13170818891273273
-1.3221297,-1.3275151,-0.02373790289662292,-0.0385369007004559
-0.20211703,-0.18341357,-0.009510457339831552,-0.07665093797120026
-0.3647787,-0.3017372,-0.0472748000993366,0.0715441827537136
1.1085215,0.9171189,-0.0022256890276532992,-0.01126735683216129
0.9577764,0.72037417,-0.0627834468184354,-0.13550205224005984
0.49111894,0.9760678,0.10347944309154444,0.06958608348436313
-1.8603402,-1.9412726,-0.018245072640783233,-0.018823286667915884
1.410352,1.3304905,0.2461376325250917,0.1966325481259814
-1.0096831,-1.1623328,0.4127244152010138,0.17922962278328158
0.6636742,0.8694384,0.09444250219555494,0.07008815046925476
-1.1904016,-1.1115633,0.018440155586707307,-0.01959854772996117
1.0922673,1.0545273,0.28558130491499956,0.24781736192869586
-1.5707241,-0.95291454,-0.008493153222112193,0.0497779385594046
-0.41657034,-0.2397418,0.004516838036573434,-0.03683551580009292
-0.8534823,-0.89262646,0.07161836965236545,0.04747025627261303
1.0201353,1.023306,0.030798913060782862,0.04758091822230415
0.30159873,0.22060256,0.009470169336711798,-0.0004038991657248636
0.6029438,0.32524908,0.14050758177013578,0.05905727601155886
-0.61214435,-0.47475708,-0.027343788532442015,-0.01926989490763059
-1.5371078,-0.8288444,-0.020698093154738695,-0.025588642327155964
0.9268242,1.7950405,0.13144264351999801,0.05612332979008916
1.181128,0.70323825,0.198431508498081,0.15789882505423614
-0.53578174,-0.26985794,0.03634738971409446,0.03651080333841927
-0.46243343,-0.34542865,-0.07183105440679904,-0.07503280660488543
-1.7777184,-1.8456885,-0.14520503059755452,-0.20304786002848774
0.29274252,0.50316995,0.154224991109642,0.14107407959222318
1.1127074,1.9547954,0.16297282034224292,0.10268587491536696
-0.27390164,-0.3155213,-0.08022384962076701,-0.11217610496700503
0.3458302,-0.04121332,-0.07692409467706723,-0.08582097910995509
-0.5092711,-0.17202409,0.06605378665306971,0.0241168481378167
-0.82204235,-0.6932877,-0.20827652161341237,-0.23832889407411384
0.46248904,0.43108636,-0.049129547732409296,0.037917743248956304
0.37598494,0.17313176,0.16361850089468355,0.08037082960239794
0.5179857,0.4045442,0.0854118701373694,0.09080618910233218
1.9178576,1.4799111,0.036582357176826896,0.030328039737619106
-0.19598107,-0.23081148,-0.148856385776783,-0.18983551275414207
1.5837196,1.2617646,0.04429485364798391,0.06200955096919403
0.7405292,0.349763,0.05901702206966253,-0.07928375443403168
0.33392328,0.44191295,0.14396361049171397,0.1591936746569551
-0.9114157,-0.8220194,-0.03641075700739105,-0.0235078843736789
0.2812721,0.07245347,0.03395195718582117,0.007942874069272757
0.8974196,1.0219305,0.26607094127669884,0.2310612810710715
0.5894445,0.7555928,0.045361276597027045,0.0836508558338489
1.1231577,0.8549248,0.14836728371383678,0.218652422429785
0.72006494,0.27304694,0.2323672050449962,-0.002567689027232367
0.53719574,0.7052352,0.07512323142846244,0.06962707129408274
-0.286686,-0.5798388,0.017619357353285958,-0.08720163967340921
-1.018304,-1.1238645,-0.09964015305693708,-0.14116246406232258
-1.1855435,-1.215479,0.025558815089057774,-0.009471934159660966
-1.0895482,-0.92223257,0.3108617794141131,0.3374778847986383
0.5227112,0.15414348,-0.015860323372394958,-0.05547172061765705
-1.4367042,-1.6923844,0.06883855228640012,0.06491035676423706
1.718474,2.3037143,0.014397458926981965,0.010828814323069924
0.8192693,0.22785984,0.09539964943003787,0.04261941174085693
-0.8895517,-0.91995674,-0.01647859732892043,-0.023348667461327244
0.9581805,0.7433262,0.05743473488659534,0.024671189300758622
-1.8102155,-1.9358307,-0.06836983708322708,-0.08397107646842761
1.1582597,0.97295487,0.01842955005470226,-0.030830787553089545
-0.64289856,-0.6206944,0.28180704247050553,0.16674347377829513
0.28624168,0.039543554,-0.030900992225269763,-0.03790777196659315
0.91364324,0.93620527,0.08095169179894857,0.07762895935367609
-1.1920027,-1.1355226,0.046683250151470235,0.042303098118159355
0.42949566,-0.024021462,-0.19065345718489543,-0.1314928034560437
0.5753275,1.5864507,0.0528788859272028,0.04531532875794908
0.7487215,0.7606565,0.07648902799484769,0.08174133602200062
0.0334624,-0.041622393,-0.13204472411167345,-0.19209582137817335
0.5837778,0.42949858,0.09832366034366402,0.10852537705580034
-1.5387617,-0.76649684,-0.00022369187560200565,-0.04507712944620246
-1.0657182,-0.87645495,-0.07960122994343943,-0.059057897471505805
-1.7399439,-1.7124642,-0.07254974793932867,-0.06790175957400746
-0.95371515,-0.90947944,2.2565185753053996e-05,-0.058595194248383
-1.0074214,-1.1050246,-0.056872146953247826,-0.07855156843952749
-0.8574799,-0.8484058,-0.012864818729489524,-0.07263516326176245
-0.03057611,0.044352867,0.021818860779908716,0.054504432365686944
0.40236306,-0.06657261,-0.2209600193018518,-0.162228870631332
-1.8405503,-1.9636202,-0.03803500679910843,-0.06275889830216164
-0.41154486,-0.23547566,-0.0005086381806964635,0.033577082831877963
-0.2865159,-0.32574305,-0.049033529810530274,-0.08785352473401287
-0.9479933,-0.8336705,-0.08794729439256099,-0.05202559938412632
-0.13093156,-0.067696765,0.003996285214379086,-0.06379042665206214
1.2075597,1.1601924,0.14890195272290918,0.14038967039269967
-0.90518767,-0.22534098,0.02384398877230043,0.07279530818355937
-0.89356875,-0.3336147,0.07333056874680943,0.21196098930886026
-0.4823831,-0.68774736,0.17042040080315257,-0.0019286367493378531
-0.56716,-0.1575003,-0.007189674520818423,-0.025287943379105754
1.6764219,1.521549,0.23072247243836874,0.23044517366155182
-0.35997817,-0.086719215,0.024917591777858628,-0.04820041585028545
-0.4461806,-0.31879592,-0.08625070536438284,-0.05954857797672042
0.3880889,0.0463899,-0.059910476917505506,-0.11711364383098816
1.6266665,1.2864535,0.09691690874018644,0.09539386902532598
1.519719,1.2257745,0.025069779815926507,0.04753353906319724
0.80708104,0.4178508,0.3984500480628026,0.33836496891153334
0.7497615,0.37607208,0.022287208338938158,-0.12544531271730686
-0.63775593,-0.8465966,0.07623839892593576,-0.05950859474920489
-0.21829775,-0.26091596,-0.12653970641830065,-0.1597310246197579
0.9919512,0.5754409,0.06521572954666621,0.06815376941816709
-0.03966523,0.027080622,0.10594552492714737,0.10025664475112639
-0.96918666,-0.96948826,0.0814880147955277,0.058651869985199445
0.80014586,0.782929,0.04840694189602446,0.08377418801780856
-0.6832275,-0.59621865,-0.0954589712992353,-0.10384743622322368
-0.16342518,-0.36503333,-0.02815970441649665,-0.07092048371566462
-1.0515335,-0.62986946,-0.058589179803048896,-0.14172122903304019
1.4419206,1.3830279,0.4145061565545596,0.3053269735645463
-0.10195045,-0.008440297,0.03685393882208236,-0.021836326978619383
-0.4873836,-0.63237435,-0.08818819065285577,-0.04199482698166268
1.3028094,2.1221914,0.23660214349072506,0.18548678244647565
-1.0129967,-1.2652825,-0.055207599190695955,-0.05837425357449533
-0.6241158,-0.46299335,-0.04299199731051284,-0.04494891005505597
-0.32989746,-0.27118954,-0.05245876506181113,-0.061605562900538424
0.7099683,0.3069188,0.08957787316676946,-0.03643954833928986
-1.5801891,-1.5262485,-0.13402242740647163,-0.11940820050769796
-0.47743973,-0.30247697,-0.10485366748445268,-0.09618385348021408
-1.877693,-1.957867,-0.06968481631061385,-0.09086929595683246
1.8089129,2.3425078,0.026615843040321385,0.005153648874499428
0.61482245,0.78084624,0.13583936058715584,0.11396584587493863
-0.83374065,-0.75410557,-0.13278408215550186,-0.12982792455650394
-0.14512548,-0.054205116,0.020390005214646803,-0.05010086930749856
-1.3461878,-1.333374,0.02476239754258236,0.027157759267038672
0.7983896,0.37859356,0.12177882960629727,0.15488473357598198
-0.8694226,-0.9217557,0.010443547073755277,0.018062462323548356
-1.4024032,-1.3864843,-0.07418126277354564,-0.07883018720731694
-0.59124935,-0.33849275,0.03119834704796076,0.013211906055552947
-1.8521721,-1.9478381,-0.026413173951513214,-0.018881514724747195
-0.10257552,-0.024139337,-0.022159955100580706,-0.0801666479503914
-0.008525535,0.24658956,-0.0757581019943889,-0.07611488034180602
0.44577858,0.25429696,0.1464977935991213,0.07267838446972091
0.5173748,0.31503114,0.038604896198732086,0.06695599528461327
1.6797181,2.2932477,-0.010396359248033837,-0.010895322219045322
-1.250683,-1.1432223,-0.0025487531198209457,-0.018738723477891517
-1.5356082,-1.4824898,-0.1786155849367952,-0.16316683126026144
-1.1695908,-1.0232961,0.02634901361337838,-0.00340828543063032
-0.3968587,-0.272536,0.14123525459710717,0.08974776933985787
-0.11077588,-0.0041759834,0.031014049479293787,-0.04279899283776762
-1.8846552,-1.9437621,-0.11152148223951541,-0.10497425830577045
-0.89382905,-0.80141056,-0.009879240107157461,-0.02407870418873581
-0.5634093,-0.7484563,0.2514466270852723,0.058780303279806434
0.5952926,0.48164302,0.11369523439902507,-0.04028396608950929
-1.6884637,-1.49349,0.007420212804865267,0.06240715003249986
0.8001481,0.26128757,0.01467444522815331,-0.15343171449833928
1.5640813,1.3801206,0.14740325592770165,0.12659328597623487
-1.3484668,-1.303491,-0.06576570001409743,-0.06413809620453548
-1.02226,-0.569867,-0.008914393866989778,-0.04179056923677593
-0.93715775,-0.9927033,-0.013112922709575758,-0.01776657560057049
-0.78245217,-0.5054836,0.003765715323384322,-0.06294377850631394
-1.5322144,-1.5131257,-0.10249888775751947,-0.07213862397765647
-1.710852,-1.5873029,-0.04568117320956899,-0.04443843890984844
0.486664,0.034146,-0.15848556231904054,-0.10486974338290428
0.8497885,0.62981373,-0.01541215476395763,-0.136875321337654
-1.5288998,-0.8133871,0.00868596922059428,0.044579464524170276
-1.1129551,-0.89699256,-0.03236431054036326,-0.03852028264911811
-1.7188535,-1.6972786,-0.11272949199892857,-0.13381323716339621
-0.96887,-0.45777345,-0.006576151473480785,-0.0409847229512415
-1.329618,-1.5439898,-0.08997953904609735,-0.14684519736838952
0.5435379,0.11300472,0.01671917945605883,-0.03483482554473366
0.72799355,0.2995512,0.1480567299538358,-0.029071937407893378
0.11989576,0.2947744,0.06444034253315159,0.053630481709529554
0.15958011,0.22560948,0.023411673896511415,-0.05383604461874819
0.63038766,1.5747219,-0.054365352646044696,0.030697803419633685
1.0976813,0.41352043,0.06617586215558613,0.012253500803024953
0.66546947,1.0742445,-0.001333036700236434,-0.09900201909510475
-0.26857293,-0.5665609,0.05242363690687271,-0.0469520325275915
0.33932143,0.123322584,-0.08569170012086696,-0.0787349290875454
-0.5083646,-0.22553028,-0.13931165766750608,-0.07386811759915402
0.823269,0.4365614,0.08541160111196766,0.09431937050808581
0.39872888,0.3407597,0.14881827452657648,0.11933862227744302
0.09644811,0.13469817,0.04450309821640283,0.02093352887884939
0.95563287,0.47746265,0.14650773356101188,0.09200987396983673
0.40232718,-0.04165311,-0.16348497464285747,-0.1138611534850354
0.974146,0.87666047,0.055523476755731105,0.05136278483423373
1.1552832,1.0027941,0.18687975966822967,0.14091615285621417
-1.3307017,-1.3392546,-0.06636010187345587,-0.06566746130136014
1.8572251,2.3769336,0.05126361352574249,0.026481855795589482
0.38987926,0.5700876,0.12662630531085683,0.1145107727245831
1.1642891,1.2513514,0.1434103578728334,0.12678525308975197
0.11862256,-0.31329805,-0.5006121517591033,-0.30754363120516903
-0.9432371,-0.8351778,-0.2261578419752237,-0.27743036886996175
-0.26782805,-0.30972728,-0.030569234832696413,-0.07566763140746363
-0.34267583,-0.29363328,-0.03968039348931662,-0.039161821340556124
-1.2470431,-1.4592379,0.14523083930032143,0.1203671137089748
-0.4585227,-0.42067522,-0.0757417747551572,-0.12084928706397835
0.45418325,0.20561038,0.08542018718160982,0.04789221396080401
-0.9944017,-1.075797,-0.023207231893509706,-0.036903954906244874
1.1352997,1.0005374,0.04138961685005138,0.04762122227516219
0.775812,0.7070962,0.04548778663004971,0.07713566638850855
-0.28815997,-0.16255844,0.061500532196926444,-0.03321741102991199
-0.9726127,-1.2060343,0.167039811681994,0.0645751129054648
-1.0677044,-0.89386487,-0.07761496476094432,-0.04164797677906196
0.3432606,0.25307834,-0.12262781766981848,0.01740091005380706
0.88571066,0.9010253,-0.0034276185688253413,-0.0008326311150671506
-1.2877874,-1.1436062,-0.02984945447370646,-0.015479042253996766
0.6306565,0.98273677,0.07099872235793125,-0.02178065416166486
-0.5219114,-0.42864248,-0.06258181388776607,-0.11074834527590116
-1.5734195,-1.1246544,-0.003659138958561181,-0.033595898290913695
1.0516422,0.69393843,0.182364071656554,0.2086662142152853
-0.8583888,-0.89645517,0.035706376410408525,0.020314240563474972
-0.9147042,-0.8244276,0.055847347089363786,0.01944021031962051
0.6364016,0.6469219,0.02687936036381322,0.031646550815252694
1.1617306,1.0683615,0.014958652380141713,0.028686161281449296
-1.1721013,-1.1984534,0.02678185530741506,-0.013138842397368178
-0.72236186,-0.5499808,-0.03505987681394673,-0.07484990935573221
-0.43018603,-0.31527486,0.01813253565887263,0.08508185789600181
-0.9697839,-0.9193846,0.14795697392185914,0.06569367732602349
-1.579818,-1.8563411,-0.12099920203580639,-0.1321512549592947
-0.28607136,-0.31693384,-0.0002270345424900122,-0.05927697855390818
1.5914428,2.258913,-0.007057680021022694,-0.019512535069845516
-0.29128796,-0.3457474,-0.060759945633040935,-0.12759215604780816
0.010327075,-0.23085204,0.008046514751349487,0.08591339562279482
-0.36277193,-0.31504202,0.0764735336566677,-0.06116880017675669
-0.9098548,-0.76101136,0.13116837855428032,0.07801470690326262
-0.6584993,-0.8980187,0.0969817689820881,-0.00808647560857989
-0.27780893,-0.471938,-0.10564719279284818,-0.08313071008996875
1.1773095,1.1350678,-0.000620213624802135,0.018847027369808922
-0.790507,-0.7478481,0.01182056780904106,0.00418075892590164
-1.0930324,-0.88760954,-0.05228704384724803,-0.04790330543430488
0.53850514,1.0027726,0.09410086000061368,0.08611147357242999
0.7812285,0.33157477,0.09482179514701206,-0.061095516290110785
0.058020048,-0.10660567,0.10883988761730531,0.07438090618858849
0.26540887,0.48769495,0.10493235091043679,0.09838315791214602
-0.22804224,-0.1533458,-0.10567401168547291,-0.13844557869431157
0.97537017,0.7543411,0.0704311665006847,0.05948395068502377
-1.1077949,-1.2975874,-0.08115384448402829,-0.07198983893297073
-0.18999416,-0.11649582,-0.029332618847916853,-0.08939180942581751
-1.1555712,-0.9998574,0.010251818381145528,0.010074934411748337
-0.1660711,-0.117097646,-0.0037602245078653396,-0.03238665857212675
-0.43441322,-0.2376382,0.02235972686866572,-0.013706047282626144
0.2566948,0.28426677,-0.04791649059497624,-0.03846397205362448
0.8287516,0.9622772,0.12111408881069285,0.10536285457660499
0.55955774,0.32536238,0.14930791530611576,0.11590390207495255
0.076121554,0.2652621,0.054075086365407365,0.02831654153287666
-0.9460791,-0.8551393,0.16739262457936577,0.07427176274042113
1.1824961,1.1671214,-0.005806771394577526,0.02918869823844461
-0.6419634,-0.6125129,0.14851740910531486,0.04371440620673861
-1.4113775,-1.5508797,0.04228983283099885,-0.018335593368905556
0.114569545,0.14528956,0.09420875831402034,0.10042047401744558
-1.5248185,-0.761866,0.023412990481004092,0.035917445872836185
1.0071775,0.7658766,-0.04912362371928203,-0.011980045459897726
1.1296154,0.6809396,0.22440201175217034,0.18799002343456084
-0.70520717,-0.72125304,0.11105930472626946,0.03677208431290735
0.24201623,-0.16483349,0.010391398479838443,-0.14643929691990293
1.5906657,2.2368543,-0.006280554662441151,0.0025461902872101483
-1.8294089,-1.9419188,-0.049176426209813995,-0.0645891951726223
1.1644108,1.0543841,0.012278469923171498,0.014832982804683148
0.7299401,0.7310122,-0.018019190569693477,-0.0032764310780943884
-0.5362324,-0.46897107,0.03362057483912673,0.007598658689526305
-1.220997,-1.0856276,-0.05276617261827021,-0.040153736679805485
1.0421653,1.2421484,0.04702095525627237,-0.05363085507275711
-1.4546269,-1.394895,-0.02559946770477395,-0.02997237538486508
0.5678127,0.34776258,0.019453040560872492,0.010197478296229245
1.5582398,1.2638773,-0.013451033172354743,0.009430793053370579
-0.087865904,-0.17624389,0.13337033193604372,-0.02667514503944171
0.7599291,0.900778,0.05086049166589246,0.046170054524393156
-0.058906123,0.09374571,-0.03209911855796517,-0.024017756997883208
1.2166908,1.1975497,0.019148637179225325,0.045515793839605356
-0.3573705,-0.2850817,-0.07949183162479628,-0.09919997487233584
0.6905016,0.79050094,0.19948075938899745,0.22518866082655986
1.8133538,1.6173581,0.051138942676884236,0.05197922855206283
1.0897173,1.1057427,0.27456589156059863,0.321468518190823
-1.1551034,-1.3195238,0.0532911515714396,-0.019347008109567687
-0.22280073,0.05237016,0.06360176076979027,0.05307371048647888
-1.1937842,-1.047574,0.04846483298380666,0.0840450722916618
-1.1690402,-1.1478324,0.023720799170330098,-0.015705728422583887
1.0286915,1.0351428,0.07845971912222516,0.09270408551875975
-0.23988435,-0.2822789,-0.046414047930170066,-0.09393192368902475
-0.507617,-0.1295812,0.017837313103690966,-0.010347938309698518
1.391775,1.3267319,0.09080838137666114,0.10363342407630127
-0.5222044,-0.46790504,-0.012060082870162692,-0.02528700805514339
0.31039172,0.5278685,-0.19596030095177774,-0.18502973185142452
-0.19909334,-0.48018435,0.1471956152318074,0.03291276218835715
-0.42746103,-0.29131803,0.01540753050903132,0.023368193084223166
-0.17861187,0.12654462,0.15861121491033242,0.09968399382228788
0.7644746,0.28982526,0.0903109958353685,0.04076805857219812
1.4191377,1.249879,0.13762774462375793,0.14736794335330172
0.7187135,0.2750584,-0.06313185992494219,-0.03519278274661841
0.014947688,0.17789389,-0.050835775847653746,-0.05231922944521125
-1.5007302,-0.72044843,0.036941148754997544,0.08012534573868846
0.7269823,0.87020946,0.22288341692806346,0.19743057308246437
0.18902548,0.19527441,0.0760920903346366,0.08605876779138327
0.598789,1.0850235,-0.009934512113261462,-0.08120830639606735
-0.4355345,-0.4186097,-0.0987299749428403,-0.10269123681795922
0.76503474,0.24131617,0.18739740791059678,0.029163082037525934
-0.17811449,-0.16029876,0.02355953523853141,-0.013212613209283963
0.81874293,0.2204344,0.03946454326032145,0.021750424078197023
0.030110028,-0.1304099,-0.15472328994811024,-0.2929273831534873
0.3015102,0.28144953,0.006014563686921659,-0.09381265530749314
-1.3182478,-1.3149143,-0.02761983420155456,-0.05113768023384213
-1.8051547,-1.94194,-0.07416389495886055,-0.10679637229655414
-1.2836066,-1.1256605,-0.01227668824629613,-0.016911874608056543
-0.16496192,-0.112706974,0.03802664817805554,-0.01878021756850501
1.4020226,1.2427244,0.26314400389620407,0.2147293635807357
-1.7674074,-1.6957127,0.010874217148402199,0.06406409209561215
-0.055598214,-0.14260851,0.10709098046621064,0.02281016324249044
0.54347163,0.09665372,0.06811407326443786,0.04645420999685673
0.36405253,0.20190908,-0.05652775561086887,-0.014272208906850742
0.6303875,0.6213806,0.08458871541820612,0.08947127754022666
0.9902445,1.0154401,0.11690674156027447,0.11240675847713377
-0.70660675,-0.7077024,0.11233667040585127,0.023221445160380494
-0.43779573,-0.3314591,0.050551060685995464,0.0058999540799741235
-1.5319856,-0.84648407,0.011784041988344818,0.0776764336518253
-0.57068425,-0.50709105,-0.08652447810494002,-0.09510413920088512
1.0580069,0.63198507,0.29588834416377763,0.23685180126317662
-0.102328725,-0.18744762,0.10787016122642304,-0.027531329956506867
0.46777624,0.16965885,0.04310761759755022,0.04330385070328041
1.1130126,0.9023059,-0.03690289294627758,-0.04246758789259919
0.072614454,0.1212194,0.08080227344500202,0.08951686176499074
0.30653822,0.26070598,0.014429762555041026,-0.03716764935461475
0.37580863,0.23161322,-0.06473972937353906,-0.011414560886954417
1.1138228,0.70135677,0.11077318754530574,0.15820323868101627
0.02128725,0.08788016,0.018595473279357698,0.05105318725633254
-0.9931511,-0.505356,-0.03802321621272342,-0.10630157034685284
0.5847947,0.17024139,0.1296926563622416,0.10292815590519427
0.97219926,0.9160885,-0.25722306074298773,-0.2052366167850297
-1.5452912,-1.4784465,-0.06625090289079871,-0.06034071830144638
0.5862863,0.59501004,0.030921106553077116,0.03689576437201847
-0.104782864,-0.40171176,0.09859204601731719,0.0006389519329182969
-0.11447417,0.2072526,0.09447351023990318,0.01897601163978513
-0.71672314,-0.77836955,-0.1605875711046174,-0.08348501428924626
1.3550732,1.1968752,-0.20563696362878292,-0.18619512049725628
-1.296699,-1.1436603,-0.058701039000255584,-0.057170801565368023
0.6158406,0.8753702,0.10463508090101448,0.07844272376060668
-0.46180466,-0.1881498,0.0476735738498727,-0.006791134880893085
0.6023632,0.39914185,0.0414861787331966,0.06624428027471396
1.4126805,1.2318741,0.08701242450118274,0.10767075413315874
1.3814405,1.8948053,0.3299218358826439,0.4088838486410049
-0.4385148,-0.2670907,0.026461301289594674,-0.0008591280636955356
-1.0871928,-0.8891011,-0.0581266301051826,-0.0464117588034455
1.8031248,2.3535166,0.056846127762974374,0.02531516671525491
0.16084036,0.33561522,0.07959058575254246,0.06956407437986067
-1.5138043,-0.81011415,-0.006397282016782135,0.0413065138749088
1.7033372,1.3383746,0.06387558349958611,0.06991179734023256
-0.101317465,-0.15494752,-0.03515026248745909,-0.10752896802445278
-1.5867106,-1.1181085,-0.009591806273779424,0.0036449904443558445
1.2582116,2.060013,0.10753807961563733,0.08290808141882788
-0.44268233,-0.2779457,-0.13961107300393816,-0.12071512851416488
0.5374363,0.2731628,-0.007731958364829095,-0.024391418227666162
-0.37869754,-0.107426435,0.04363696691137303,-0.02749319601118938
-0.40480515,-0.18187535,0.0697445761833762,0.04695571732461079
-1.176461,-1.068772,0.15872984514700383,0.021936763957122185
-0.51043,-0.45048308,0.05939117676054029,0.03605159200122271
-0.9784678,-0.25631362,0.0016773656231972023,0.05552826893472432
-1.6466486,-1.9252664,-0.10202638845174605,-0.11528774466299252
-1.0199358,-0.92570466,-0.08407624487192811,-0.10183466278833597
-1.264236,-1.2818282,-0.01404898158125234,-0.032922812427811365
-0.16625834,-0.1325308,0.04152286182208394,0.028224808355589284
0.4801799,0.3311792,0.13678308507410641,0.012401724821865412
-0.13010919,-0.05709514,0.0031739199304130217,-0.07448482012147362
0.030582456,0.06882568,-0.03933970502445358,0.0300316220376802
-1.6795093,-1.6653508,-0.13298432778857183,-0.11502445501540404
-0.08214454,-0.35479334,0.1779998970592975,0.09732635828036623
-1.5717478,-1.1749396,-0.04245850788331618,0.1921147878592937
1.3404158,1.2861518,0.050020475783082,0.0742660358350482
1.113432,0.8475919,-0.030845208263588608,0.0008358955511125199
-0.3795133,-0.24511498,-0.19605850119782342,-0.21653573867866116
0.0127451625,-0.059882298,-0.16510031823548887,-0.13682123554126385
0.5755449,0.42006505,0.07808139254062296,0.0853971281209489
-0.6946481,-0.59795606,-0.08403836373240181,-0.10211002043266582
-1.477338,-0.6886835,0.05114104708308953,0.1339858601980468
1.8880459,1.4686755,0.10244633749315812,0.07523864461899055
-0.29923627,-0.38231057,-0.08153121778133998,-0.1345374821774632
0.031884026,0.07522778,0.10906718098794252,0.08040391419188345
-1.0783468,-1.289631,-0.07613837926547484,-0.06677308008613969
0.14606266,-0.062451303,-0.27055370855971606,-0.3607932078990648
1.7966096,2.3475077,0.06336127306479322,0.03132403016435159
0.83756906,0.63627464,0.42454571961372767,0.3945362494684763
-0.087727234,-0.16029584,-0.010855088864681325,-0.07342237013334227
-0.1351723,-0.06145409,0.020458120018599618,-0.025225855609886605
0.006597491,-0.13540272,-0.13108854230388434,-0.2878417867574404
0.28801826,0.115059584,-0.08473944761716759,-0.08030540376476525
-0.91344666,-1.1765535,0.10249651417438876,0.05401909705408969
-0.8310233,-0.746616,-0.08392842249864518,-0.09028379475396542
1.0884755,0.8303662,-0.005888624286843003,0.018061578286555635
0.5854468,0.32972422,0.08321146240251609,0.02619493085589769
0.8736048,0.8905758,0.00867826359899082,0.009616837974440906
-1.0124593,-0.31960785,-0.026047725461458837,0.08755947489121194
0.7609544,0.7770052,0.06413391734462648,0.06539261642513783
-1.7751414,-1.7296153,-0.018825066291768833,-0.0015739952218192244
-0.977092,-1.052448,-0.02670705633748205,-0.039287173616741944
0.39194977,0.56379694,0.16904058728057536,0.16700022116474744
-0.53287894,-0.41365772,-0.023872367769562586,-0.038437827785320455
1.0743674,0.6351831,0.13116368779897813,0.121032665387516
0.707397,0.35877028,0.036054375707818886,0.025536070824714985
1.459865,1.2649208,0.02002977771448755,-0.004322066411911019
-0.5108321,-0.18640812,0.0354732838007798,-0.010295416239658628
-0.63336504,-0.56931084,-0.14532141570002266,-0.17992260801640003
-0.5999553,-0.34446326,-0.0033583678005697504,-0.04649777113495179
0.43213123,0.41963843,-0.0033731558247134252,0.09027664226767051
1.1168998,1.9398986,0.024103844041330813,-0.010252537063663691
1.7232509,1.5244043,0.08135847132174723,0.0812937543614296
0.20754278,0.44961146,0.046086957315503885,0.014012069323816212
-0.766045,-0.69829965,-0.20047975943592788,-0.18563384611106937
1.7386721,1.3523481,0.20757973090446424,0.16475591756147967
1.791482,1.3931862,0.1548921074085683,0.12391779519362078
0.051198803,-0.33642295,-0.32050987071204623,-0.206029241369451
1.5828625,1.241744,0.22956834388288616,0.19409465162996353
-0.6830884,-0.5968338,-0.07689974832397606,-0.09905766865161425
1.2642626,2.1006558,0.2751489441041284,0.2070224174409825
-0.89653206,-0.21853945,0.015188381071952528,0.06599377746475596
1.3298126,1.2444669,0.1447048225111114,0.12327962299986939
-0.84204155,-0.89280385,0.04991189302692023,0.03985507536741684
-0.0032534157,-0.35502222,-0.15313470255560022,-0.10885494595401018
0.44137067,0.31478232,0.08356745369352325,-0.06897952362070212
0.5981716,0.27317786,0.16275593881706274,-0.0026986106294815126
-0.91876346,-0.96374744,0.012733162238340312,0.020442030590125393
-0.23503302,-0.24094859,-0.028900764133376722,-0.09861862534470123
-1.051555,-0.93559796,-0.0937643664256782,8.51093300994199e-05
-0.8360419,-0.7668391,0.10953956691466771,0.02205852895022209
-0.89390147,-1.1528465,0.08295131668751132,0.030312064850415377
-1.3120259,-1.1537712,-0.06366120484199955,-0.05475974216792401
-0.8592831,-0.9194941,0.04674419620490722,0.05105296000895665
-1.141083,-1.0187547,0.04000397451512727,0.02405549239341087
-0.7602735,-0.6809767,-0.10273851380738364,-0.10879665132954164
0.99786085,0.30698285,0.1659962972027358,0.11879108129313726
-0.88003147,-0.29471964,0.03217359856279356,0.05404377550739936
0.7534747,0.38501573,0.15532810931467966,0.1459578187002829
-1.4733227,-0.6200441,0.02832979039340877,0.022580127395581906
-1.1917619,-1.2324463,0.04644244738657766,0.1392268070338698
-0.6134569,-0.85079676,0.23916660147433183,0.10703665592184508
-0.27777743,-0.57830006,0.008832998524899993,-0.0887403931829307
0.19710933,0.19374438,0.0892729514729862,0.07079768336712267
1.4502443,1.1870562,0.04944862368941516,0.05879236945019106
0.53597724,0.10844445,-0.016171986000882987,-0.10179916442607961
-0.55164623,-0.48048687,-0.0025386398294793278,-0.027826468340126587
1.5401739,1.1892475,-0.02056056654365146,-0.009079120761020576
-0.52650326,-0.79439896,0.027435546429010804,-0.057622122741432746
1.4185578,1.362166,0.09555606426565477,0.0921336019442196
-1.597108,-1.6287633,-0.21538560342333746,-0.15162120860804618
-1.1410818,-1.1198353,-0.07597544176294879,-0.07663572568690902
-0.07093333,0.22432715,0.05093266740876838,0.0019014713823312102
-0.27333325,-0.2742697,-0.09020248531129993,-0.1605708887230481
1.7534069,2.327796,0.021994029702979256,0.008269427847421795
1.7664301,1.3643016,-0.030136742557061558,-0.01965442559918018
0.65560377,0.28139323,-0.029963795584200148,-0.06991482262159449
-1.2072749,-1.0601836,0.020770408124589634,0.0006391485561714205
-0.47583815,-0.2530814,-0.017363436669971533,-0.02247545203991097
0.32636482,0.12922138,-0.06564684376360846,-0.05717421271541058
-0.58383846,-0.24486221,-0.06383781266247068,-0.05453618553128292
0.068143465,-0.1612365,0.1082489276182238,-0.005131699167977816
1.088477,0.65808904,0.26541821133601884,0.21074782787450475
-1.1773025,-1.0566542,0.031983075819805196,0.06687172358105986
0.5255001,0.6950042,-0.13254986215200254,-0.11050318454360919
-0.76087457,-0.6924026,0.004186095848979221,-0.10479222878555927
1.3095171,1.2739457,0.04987757597196407,0.06290888318068188
-0.9883776,-1.0684372,-0.015421512895709588,-0.023297989237164307
-1.5301213,-0.9169225,0.028715777308091495,0.19097398207049854
-1.8513356,-1.9933159,-0.027982931442625203,-0.055420387150985295
1.4141225,1.2431507,-0.02845237950017987,-0.01901001556536719
-0.5815325,-0.64561534,0.22044096123271256,0.19166441417746505
-0.718658,-0.61080533,-0.060028480328623735,-0.07284070287253885
-0.8764916,-0.9276493,0.04659875301941396,0.046035042257096315
-1.0787835,-1.3183111,0.010579239340798186,-0.005345670047883999
1.3638151,1.2873353,0.15372066572960907,0.1278160135506281
-1.8238407,-1.7686813,-0.12353713602802108,-0.28005503452037006
0.47648746,0.91556376,0.09366872619230182,0.09539463776036605
1.3653781,1.2921506,0.15215759352501923,0.12290790488556103
-1.7437263,-1.6126201,0.006893464044070541,0.033293025136205356
0.16599502,0.084108144,0.13273057092244595,0.1863711074930008
1.048125,0.7266628,0.18588122253546024,0.17594183372212124
0.6328413,0.46117413,0.049260156601446003,0.07684982969442644
-0.48067558,-0.3531336,-0.053588903861678805,-0.06732786318638262
-0.3074367,-0.34365872,-0.056099032151967654,-0.0911818732868756
0.76576334,1.656404,0.12886300511685578,0.11024758412095492
-0.59664506,-0.5912369,0.3668081373353864,0.2512058332468482
-0.80848056,-0.6412385,-0.10048279933621507,-0.1324858578118553
-0.7941776,-0.7163414,-0.17222493097793645,-0.16759211618400638
-0.43429962,-0.25425693,0.010147232961210728,0.048647612470873375
-1.1059717,-1.0412828,-0.12856172853552272,-0.15611589642876766
-1.5875044,-1.1189817,-0.008797991614660772,0.004518198490315317
-0.23822844,-0.24400514,0.08917298109987268,-0.017914731946677698
-0.92734754,-0.97024626,0.04514838632081675,0.04892700785912474
-0.42006224,-0.2996898,0.008008746348417306,0.06949679300800132
0.9913642,0.7879518,0.05431494316049146,0.025873249124049646
0.37758923,-0.0449084,0.07817747678736336,0.11714110491241317
-0.21981256,-0.16494158,-0.017357021828090485,-0.06116960802579474
-0.030980388,-0.3641545,-0.1255299415300023,-0.09972267990939349
0.39086026,-0.09222106,-0.20945721692987304,-0.13658041828977546
-0.14248475,-0.11237879,0.015549483313515439,-0.019201169365591353
-1.045309,-0.87146235,-0.10001045636098094,-0.06405050172718207
-0.51688,-0.4725032,-0.01738450618330356,-0.03478969802743914
-1.7936985,-1.8947235,-0.08488676098764603,-0.13825139866212188
-0.42432952,-0.24506438,0.012276021681821847,-0.04088257114918831
0.14062104,0.16868205,0.25184037635177114,0.19094784451047342
-1.3175064,-1.1599156,-0.058180676964191935,-0.04861533775660809
0.6061562,1.1075143,0.10246505888909574,0.06792290624450259
-0.097315796,-0.18003291,0.11568938514772514,0.03509426687104006
-0.70032996,-0.6474237,-0.2661947743704677,-0.23650980789161746
-0.62692976,-0.22721963,-0.007914362151965282,0.013910509145730138
-0.14900503,-0.06133541,0.05176702382131723,-0.005492050596283493
-1.5861266,-1.5793252,0.11417386403253982,0.14453162354394733
-0.50209093,-0.41836143,-0.03217355104032871,-0.08893145789987567
-0.5013372,-0.23694202,-0.12751861329526026,-0.09112188071569255
0.005128674,0.2901468,-0.16432764509826317,-0.18470292659085266
-0.76358455,-0.6031563,-0.014857474592908315,-0.0007086915923829595
0.7099213,1.1905477,0.1128449882654109,0.11485830450433165
-0.645258,-0.39764923,-0.019527803872776972,-0.08663703623447877
-1.2950276,-1.1452833,-0.06037247244904709,-0.05554776708813414
0.90618527,1.3752024,0.10661910004578834,0.14663278917656197
-0.54320604,-0.28805384,-0.04849760855103802,-0.08713652381586673
1.3564918,1.0385654,0.08955050493771566,0.08575625993425562
-0.37576884,-0.23491798,-0.20652455853097673,-0.16374284240900894
-0.81198895,-0.6444974,0.03330249901860527,-0.05482653825049488
-0.109198794,-0.040866457,0.04263574904661542,0.0010346646861282421
1.2028271,1.2870427,0.16145606451897265,0.1401684741310696
-1.8665189,-1.9925276,-0.012066455163366241,-0.020567013244261467
0.19714154,0.4267196,0.06076557579984321,0.07401136778439976
-0.09158293,0.0044371784,0.025019886855892,-0.04426897061307754
0.85523367,1.3348992,0.08155546783058554,0.10038289424710412
0.5401104,0.7176133,-0.1471601526793463,-0.13311223958587604
-0.12341522,-0.23492347,0.10011486055499658,0.058350724567672874
-0.19394508,-0.47165996,-0.18804451538844447,-0.1491817194314874
1.8005327,2.3378983,0.05516083010135042,0.025070056470085866
-1.0969822,-1.0268188,-0.0724127271719095,-0.08578939577883626
0.77806616,1.720142,0.06474273182175705,0.02025607535328522
-1.7107152,-1.7540164,-0.16787013558328812,-0.21270318334962512
1.7507424,2.3281984,0.04470107797352818,0.01797875718777009
-1.7980604,-1.759274,-0.014433192725400446,-0.02110124391768675
1.1388568,0.7627401,0.08573923673964168,0.09681993170088321
1.8608755,2.3688867,0.02329320076770358,0.01569669079939784
0.59346795,0.18807568,0.03351634086450128,0.030360377500870034
-0.322277,-0.20191158,0.13240308151636293,0.09046241438340547
1.2805983,1.2505555,0.016957680213954607,0.03935813387853759
-0.36159807,-0.11661734,-0.03346809632376724,-0.06385168776717332
-1.2952864,-1.3076254,-0.05058121229908874,-0.0584266130341351
-0.32071668,-0.29104438,0.05507194080423988,-0.006313105316025802
0.22424535,-0.10360726,0.07936867245888052,-0.14291302448815194
1.2274193,1.1911818,0.10178935082073481,0.09381513324356217
1.2733546,1.2428591,0.02420131348421828,0.04705452403051513
0.7657237,0.6171442,0.08270689010658161,0.24965173285154618
-1.4610279,-1.4006168,-0.21632484272183516,-0.19522314000729368
1.6386703,1.4659785,0.2032133622174419,0.21987162870380095
-1.0621237,-1.2792203,0.14387226134353615,0.052228482467466364
1.7337183,1.362989,0.03349450001112175,0.04529746323378725
-0.9711672,-0.97657305,0.10082251771536521,0.05553210835231226
-0.2905974,-0.48025328,0.0027102715591494353,-0.015536294844353316
-1.1747526,-1.0025029,0.029433189116313985,-0.06501967906911266
0.33926767,0.11671831,-0.08563793673127956,-0.07213065249004555
0.14829996,0.12290849,0.06781099988735637,0.061295944275640696
-0.9850544,-1.0665537,-0.032554551496476014,-0.04614720479943335
-0.52428687,-0.6297609,-0.05128492851448907,-0.04460825223648446
-0.57968754,-0.45492476,-0.032180921303290755,-0.0250941459024957
-0.18146119,-0.122663505,0.029350451422321594,-0.00659723939099946
-0.39077824,-0.16840792,0.0728272039312346,0.046475893469603444
-1.1586621,-1.3368281,-0.06499456415274407,-0.04582949688145832
-1.7764933,-1.7530087,-0.10281304413782633,-0.2957275990269008
0.3655473,0.07785605,0.1114841144550251,-0.00747871711324849
1.0909008,1.9320831,0.14017240874990633,0.08300284490824206
-1.1940848,-1.4051976,0.14946721073931712,0.12829624107451654
1.5985597,1.4691882,0.39254356223016695,0.334756375601752
-0.35674202,-0.07726005,0.00017231374427856272,-0.07398686120889184
-0.9596091,-0.24260867,-0.017181365169802065,0.041730544733920905
1.2150344,1.0519387,-0.03834506618675282,-0.08857055661878799
0.23488545,0.113370605,0.10502523517775836,0.15710864672477798
0.58678687,1.5631415,-0.06099326957673412,0.01685966795464644
0.75203806,0.3879051,-0.13996351002884122,-0.08217376278728883
-0.7059364,-0.52956086,-0.023254629799416393,-0.0525035294280235
0.6703724,0.07659986,0.0749120980641389,0.08700993919484931
1.7381929,2.3209784,0.015943284788918488,0.004325846854288606
-1.5628077,-1.1290128,-0.004652907024376818,-0.051130882472543826
0.47468495,0.17754672,0.03619890282627947,0.03541598062996193
-1.850018,-1.9842861,-0.03627879892864305,-0.06445025241587787
1.0702167,0.7750893,0.19189812182396326,0.2557215617395945
0.84395224,0.62996334,0.04175270707725798,0.09536047150109905
0.6325375,1.1176422,0.11421357221765804,0.10121071975553808
-1.4611686,-1.4495622,-0.2161840565508757,-0.14627771306637571
0.44518483,0.01816779,0.012415040471350614,-0.06996673462614406
0.77159435,0.78155804,0.053493951810416274,0.06083977523861439
-0.18250692,0.13456292,0.16250625923711465,0.09166569388503965
1.7056104,1.5281173,0.1588823251308027,0.14122001796551498
1.3498343,1.1705006,-0.11191732028324397,-0.0987787881182629
-0.27267876,-0.29763556,-0.06287065868817004,-0.11596101884984233
0.60883105,0.42498037,0.04479523827045084,0.08048180128722393
0.6788525,0.26580673,0.09930678084330136,0.08185601127281122
1.7745633,2.2867434,0.07074228252905268,0.0683395754325371
-0.4776533,-0.320975,-0.05477802241150198,-0.05736949176837691
-1.5904297,-1.1533164,-0.01685948235494683,0.06380761764107468
1.1300249,1.1006621,0.19918369801159175,0.1843347999153151
1.3169175,1.265798,0.012291069341852978,0.01919893947219986
-1.0573791,-0.34956753,-0.06838651987314193,0.07336128901551014
-1.4901007,-0.6645045,0.026311733242912583,0.024181439431468
1.8031542,2.3389156,0.032374486190650975,0.00874590160582267
1.7258713,1.3444387,0.13116652502173198,0.1183956902864085
0.0383367,-0.0644288,0.1263234360506089,0.030534198483599104
1.8672131,1.6818615,0.1238901694384189,0.12208306913660305
-1.1654752,-0.9805649,0.020155845366313985,-0.031018225379869424
-0.7514099,-0.7252447,0.11314385857341136,0.020632956588080398
-1.2818923,-1.150621,-0.01228008325787977,-0.026925127578018238
0.8826629,0.8954218,0.1119320403859847,0.11841242426227594
0.39425597,0.06123071,0.08143112706371186,0.08503135376494952
0.47577223,0.02598669,-0.10420889750487433,0.2444925614636715
-0.85139686,-0.7927333,-0.052311429094889395,-0.03275594837513718
0.49462962,0.96620613,0.10009097030098557,0.07944773156709628
-0.12378524,-0.2512336,-0.006205303181852917,-0.006326142779720656
-0.42655614,-0.25890774,0.014502642594373727,0.018510180283728916
-0.946586,-0.4093754,0.019779849003687566,0.008859201070309464
0.84136933,0.7581481,-0.020069574019059178,0.026083811301228277
-0.50762063,-0.45401183,-0.026643849330581393,-0.06728911765826073
-0.9609412,-1.0182552,-0.010349766666211013,-0.024127066727623214
0.62384635,0.956301,0.07780885104674351,0.004655138284471616
1.5690504,1.3733587,0.05004263170396728,0.0352059914232028
1.2222928,1.2032784,-0.017250533030668036,0.016409379236809407
-1.1333932,-1.3380693,-0.02109205930392699,-0.018334769462970746
-0.3844613,-0.28056574,-0.0027833542729583938,-0.044993412256848386
-1.5425801,-1.4443222,0.07062742581537673,0.009528652848451724
-0.6875311,-0.6057461,-0.33044444456622024,-0.3250355566677329
1.1569352,1.1346664,0.01975408447090099,0.04049241970395179
0.28559396,0.5106295,0.1874044946463504,0.1433552637086425
-1.3213325,-1.2813298,-0.09288777819391791,-0.08629934155060481
-0.9516535,-1.2172536,-0.0818428726784135,-0.09332282366098088
0.91238743,0.2742329,0.07719685169977142,-0.007186081693587365
0.31713343,0.18739891,-0.03661727572370865,-0.0713794162012457
0.6715002,0.6681122,-0.05429279305934964,-0.03620641181740414
1.7044425,2.304199,-0.014100434213822455,-0.01117821117332829
1.4208478,1.3546891,0.09326605381338426,0.09961052779413415
0.52020216,1.0055902,0.11240383708572721,0.08329384280460772
-1.0931815,-0.9108896,-0.05213791302602,-0.024623221301156684
-1.6241486,-1.9033662,-0.1245142055002797,-0.1371786448026504
1.8449373,2.3646512,0.029454484820232052,0.01251070702090118
-0.40977395,-0.13726342,0.014707775048455662,-0.0432056073924556
1.3070284,1.2401667,0.12422636713066004,0.10299617461930288
1.0155343,1.0340742,0.09161696761923444,0.09367990896734035
0.12156207,0.025825731,0.010101100812143216,-0.037641399564229634
-0.93360966,-0.9897503,-0.016661008399120436,-0.020719568516677667
-0.022280667,-0.20511603,0.09014970508282219,-0.030457553116388036
0.6160525,1.5909756,-0.1437873229052627,-0.03806294696482704
1.7547513,2.3224747,-0.0006151239482641291,0.0028295318518472
0.5601237,0.66634655,-0.05608364063202531,-0.025534955621739908
-1.3508624,-1.3076814,-0.06338229122972394,-0.059947651258246415
-0.4071707,-0.2839247,-0.00488278464218328,0.07683107940574121
0.07069445,0.24411616,-0.11525951409596437,0.027012474605227654
1.3374151,1.2894567,0.08369616910129829,0.09424600185273246
-1.6372783,-1.5825768,-0.07693321784989204,-0.063079903846321
1.1580871,1.1797024,0.20619602614311816,0.24750880997701685
0.38836896,0.58227766,0.11029379388170146,0.10120750532290868
1.2889292,1.2395785,0.03979054003289839,0.07399116253195515
1.6244944,2.269116,-0.06125179031330452,-0.04038381138350644
0.66006565,0.31823057,0.10086187963584936,-0.047751317824763495
1.2545637,0.76545167,0.2739710342913564,0.22287118625481084
-0.0824441,0.008979186,-0.07675486931710854,0.09646468488890655
-0.9103734,-0.24541564,0.059582458174304076,0.10836233376311907
-1.1587559,-1.1289945,0.013436494551494649,-0.03454365719455654
-0.7801869,-0.74440587,0.0015004407986956014,-0.05278896435837421
0.6576571,1.6488167,0.029577220139998972,0.012913585213206957
-1.0760579,-1.0519962,0.12236533051702136,0.08392159757214313
-0.73414576,-0.7168443,0.09587973084208812,0.01223257597666072
0.994726,0.66853154,0.23928024892935063,0.234073111283309
-0.5096185,-0.44564465,0.05857971912656812,0.031213155159257988
-0.48161995,-0.23344824,0.06748886978454982,0.03850730736363664
-1.0642294,-0.89934516,-0.08109003476063914,-0.03616768731983344
-1.1685055,-1.1066438,0.016708963334076676,-0.016818280986047762
-0.54626954,-0.31070015,-0.045434108623517266,-0.06449021587061526
-0.6586538,-0.57033116,0.42881687585314765,0.23020733151537465
-1.1923988,-1.1147938,-9.405735351442068e-05,-0.024160659520472194
-0.82339454,-0.7189001,0.04470808621495537,-0.013078403596156418
0.5974473,0.26262167,-0.1338590705581138,-0.06960421958921642
-1.0872006,-1.0487707,-0.2617222622841806,-0.26217679781862535
-0.4093734,-0.29887447,-0.0433763527960524,-0.09765267988252085
-0.5013219,-0.41910464,0.02742965612095538,0.008847732024614308
1.1010224,0.83524525,0.055502124334005254,0.06930753776571164
-0.7940649,-0.762658,0.015378428660328902,-0.01820955239553468
0.39957023,0.4501315,-0.20521281972102012,-0.0984797091060598
0.82689464,0.3524506,0.04915563694770175,-0.08197135766927643
0.63244045,0.6296472,-0.08758193763130973,-0.07093583228651035
0.13067481,0.324625,0.10975613884549901,0.08064707523204684
0.65404195,0.8970423,0.12289522359645688,0.03543387045503077
1.1666344,1.080287,0.010054859045180775,0.01676070237336824
-1.5676453,-1.2017081,0.009790508527860453,-0.00032902220989905473
0.3497279,0.2032049,0.09186232953114415,0.06662497115088473
0.8728804,1.7814655,0.021745948270237125,-0.01481392787245328
1.5639467,1.3600441,-0.03797843108692889,-0.050463524508378654
-0.2217722,-0.44698083,0.03018731215645562,0.011027021758425959
1.5272819,1.3289562,-0.001313587527663751,-0.019375649142167717
0.5857061,1.4502375,-0.11344092932005762,0.10267518265095665
-1.3971239,-1.3935561,-0.07946056537059154,-0.07175833452329594
0.011875033,-0.11896561,0.11514412117134015,0.056498274621517734
-0.12449945,-0.03708215,0.10254341222348186,0.0249881766016901
1.1815759,0.90400594,-0.0989890528680808,-0.05557817219409622
-0.48007828,-0.36438155,-0.054186202006972994,-0.05607990047314104
0.21460162,0.40528077,0.1361858459344767,0.11159194522960458
0.27818632,-0.08098993,0.12845156557347548,0.008874654026083964
-0.056302313,0.16410144,-0.1081517304563279,-0.16877392087477242
-0.53824884,-0.25045797,-0.10942743849788938,-0.04894042697396328
-0.23842987,-0.2563292,-0.0008172914822060229,-0.04575948071528857
-0.60122603,-0.48957455,0.020888008686532955,0.02551184657875527
-0.5648643,-0.44898835,0.035732657204950335,0.010808089045912628
-0.3839083,-0.33751553,-0.15035618038717624,-0.18378541239512292
-0.8895621,-0.91703206,0.020317280180365715,0.005546289501695667
-0.45010602,-0.16872719,-0.02183085519852218,-0.070093299171374
0.61662817,0.7902482,0.018177624672893744,0.04899546366389651
0.37972322,0.1054917,0.03779144337902918,-0.09151768871526843
-0.6859042,-0.54204506,-0.09278224591166206,-0.09252637717118761
-0.49053678,-0.16384834,0.015177991661726453,-0.03285519314185742
1.4339619,1.2572922,-0.19604486563999446,-0.1855703034686047
-1.5627707,-1.6480423,-0.3158145859617061,-0.3650522961422107
0.27003706,0.040607754,0.09174940054568576,0.09563529998386602
0.6039379,1.5439115,-0.183490195840254,-0.01725228211799501
0.090274274,0.31110248,0.09748373944207181,0.13637930443583185
-0.7125954,-0.68245417,0.11832532788036909,-0.002026784343251098
0.629926,1.0587232,0.015389913476315353,-0.07633754720963692
0.18629698,0.40939683,0.13234899351858814,0.13744015209379812
-0.046606317,0.09974684,0.010718229521890284,0.025735055650402905
0.60626113,0.90458184,0.07669578838795177,0.06351745133739006
-1.6338063,-1.9122872,-0.06703530671589952,-0.07622369700480824
-0.110262245,-0.20489533,0.049076483530653275,-0.0004356831321687127
-0.5333528,-0.44195053,0.03184085410023929,0.017778332679953823
-0.4362189,-0.31754887,-0.023863526887393793,-0.03880946271486213
-0.5066478,-0.24309997,-0.0009746621411540479,-0.02280895377037473
-0.25517732,-0.27181193,-0.13622252217844905,-0.18417990248131133
-0.24460322,-0.2960269,-0.07237013508726908,-0.10346885791883714
1.6121613,1.2667463,0.06669295559705435,0.08791986541148877
0.61095625,0.21515894,-0.08675139780698815,-0.20396798897719076
-1.5987673,-1.0818403,-0.00852186543447564,-0.007668484234230499
1.5911639,2.245873,-0.027921230582774736,-0.017140860944053316
-1.2206575,-1.3392038,0.052484609837202933,-0.07165543632769755
1.2110618,1.0191551,-0.07470216067013902,-0.067754200678937
0.27303946,0.14564356,-0.0729381369676145,-0.24327020641790464
-0.87557507,-0.82657963,0.18500273460018624,0.08680857795515973
0.08720984,-0.060901597,-0.3565209109227701,-0.4815505942566046
-0.09268768,0.23501126,0.04812261378508574,0.036117367216731255
-0.8352472,-0.88739437,0.04311755956897345,0.034445596226181485
0.5322745,0.67916346,0.023949647089781756,0.04087254240473748
1.0984854,0.98557603,-0.17379510095174733,-0.13000507709009135
1.8373586,1.6486038,0.15374470549493746,0.1553407919912173
-0.25554863,-0.28059787,-0.09857686480516947,-0.14709953922451235
0.83408755,0.23146461,0.11834459247327989,0.03901464203413085
1.370941,1.0404027,0.14867227876274502,0.13976571738137444
0.048563287,-0.25796956,-0.09276172124117833,-0.12779642899230842
1.4611552,1.2621866,-0.11899220383274689,-0.11847634706749188
-0.55550474,-0.3014354,-0.06931808212679824,-0.10724442612426027
1.8237112,2.3051987,0.08477751714360138,0.0982167610385094
1.1987034,2.0211878,0.12182821985184411,0.07887425112835933
0.3326677,0.37157738,0.06908173905954762,0.12312363112744967
-0.27215827,-0.1518777,-0.3034135295887078,-0.30977301952430325
-0.17274341,-0.21567817,-0.16280601149044666,-0.19791840379380443
-1.042961,-1.2942408,0.023030067455162007,-0.009563447644888257
0.5357611,0.33444852,0.10808828959592853,0.1309376119931588
0.3045134,0.01173678,-0.10477870457120272,-0.1102911109740029
-0.787038,-0.5370963,0.008351577483113326,-0.015096575226089426
-1.5402459,-1.2368892,0.020838663478426334,-0.0527214375359677
0.6122201,0.42926547,0.04140617777316691,0.07619670416503155
0.17343894,0.28562674,-0.03737616907721056,0.12261391735947308
-1.0513972,-1.0875993,0.27271075364201836,0.2623883233369223
0.36050206,0.10168922,-0.12434850061872157,-0.16285779499371178
-0.7826193,-0.7550911,0.011998771717009915,-0.009727509488199892
0.8343177,0.29740256,0.19535180107366323,-0.026923309173030097
0.111888945,0.37642625,0.0819796179080435,0.03533961455271212
-1.1441083,-1.3170663,-0.062194389693599916,-0.059004725417790116
-0.69047976,-0.519752,-0.0596093250084484,-0.03021442425376497
-0.42255235,-0.22077422,0.0104988495931988,-0.04717561764098893
-1.4072958,-1.3584324,-0.006936630876524186,-0.009196680417792313
1.0565164,1.159893,0.25118306581198135,0.21824357370742775
-0.21625884,-0.15233247,-0.020910740156566437,-0.07377871730828833
-1.0890107,-0.89184785,-0.05630868843953318,-0.043664997958261176
-1.4606812,-0.5750702,0.03448429068202752,0.020372552722003112
1.1612968,0.99040294,0.015392454984817006,-0.005976363151644848
-0.24936187,-0.2706614,-0.14203796855524958,-0.1853304211370883
1.0220867,0.5174244,0.08005385944983634,0.05204811869411041
0.43454015,0.2798926,0.09039796717084869,-0.034089795789815275
0.22466002,0.21442172,0.167679177611607,0.14520817888299387
-0.4855896,-0.26101854,-0.0076119975754280755,-0.014538318727685628
-0.9673429,-0.47923687,-0.008103222472626292,-0.019521298983880053
0.39971906,0.14260873,-0.06506344244042866,-0.09904153219013109
-0.71039647,-0.64006007,-0.20455522971147477,-0.19693250209762125
-0.65857416,-0.4398506,-0.04238610077194671,-0.09935469102178618
-1.5719935,-1.1603465,-0.014715346050022449,0.02398959248251331
-1.3230464,-1.3175416,-0.07402758591897718,-0.08738047971871854
0.011402459,0.1806181,0.00831545137255918,0.0011743406759785746
0.8438195,0.73990506,0.01707661679020167,0.07967167145877174
-0.5216397,-0.47580558,-0.13593566052328654,0.03391457649817131
0.9649911,0.5423881,0.0921758640528918,0.10120657150404355
-1.1589583,-0.94988245,0.013638911925151875,0.012421459787088862
0.7214443,0.12723875,0.2495639039827353,0.19342832609765886
-0.47025946,-0.28124803,-0.022942133397724218,0.005691169883535685
-0.9268844,-0.80748475,0.023176124978444346,-0.018004514048965303
-0.7354332,-0.66131717,-0.1277010201065616,-0.12845617052509828
-1.5446063,-1.164183,0.0059753130272217625,-0.08164087003635512
-1.4109012,-1.6722027,0.08580942689000115,0.08174338143867477
-0.9587466,-0.41987026,-0.016577312567033764,-0.07888791261036016
0.094982564,-0.040646434,-0.1797550458455418,-0.11208477254321988
-0.21049947,-0.116589695,-0.016159968806338937,-0.07918615220842457
1.0049267,0.346495,0.1589304645878371,0.07927892385295171
1.1594225,0.6997784,0.027532505333101698,-0.011283711445926548
0.2891657,0.22567348,-0.008649554499877476,-0.10965398750079862
0.97453547,0.74596393,0.03545805152013615,0.047359279417024225
-1.946649,-2.022402,-0.04953998519067637,-0.026334274174911076
0.45850548,0.92545146,0.11165070246297748,0.08550694244786605
-1.7740222,-1.7963154,-0.0758801706569261,-0.08345212084452136
0.34339923,0.007228473,-0.07449311923990293,-0.13426277101690795
-0.1071236,-0.4018977,0.055225871860797575,-0.04537388560827371
0.61089593,0.6258248,0.052385022328229724,0.052743614833502206
-1.6297773,-1.5561664,-0.17973434960285384,-0.1543355125532504
-0.57900745,-0.34550992,-0.06989093857005091,-0.08988728396715923
-0.944905,-1.0004435,-0.026385979110516433,-0.041938841935142745
0.7972387,0.21574472,-0.02604545427795102,-0.1476866026547235
0.22561361,0.40924457,0.12517385800990088,0.10762814694507394
0.41934586,0.1033714,0.07235087625388786,0.07322600844868671
-1.0482677,-1.1622349,-0.05330014938306116,-0.07783733362311085
0.8333151,0.6825875,0.027581041362192638,0.13698922640948585
-1.5467947,-1.1286801,-0.0014543665159105768,-0.09525038563347255
-0.22839393,-0.26830822,-0.07000335489170978,-0.11708669044562586
1.7944754,2.3375342,0.06549547697562086,0.04129755616532815
-0.8627841,-0.91561556,0.040101682520790605,0.03947463046368249
0.25542894,0.21311438,-0.04665063695155888,0.03268841699590555
-1.497431,-0.7250969,0.05243808106571102,0.12763289657969445
0.056068882,0.14751908,-0.07802491776642827,-0.15961305580778715
-0.31540936,-0.3435679,-0.03871612867350138,-0.08412949699581362
-1.7631814,-1.8493369,-0.11540386227548782,-0.12399712298562848
1.5418222,1.3772749,0.2429889627339048,0.2508731775818025
-1.2867404,-1.3150723,0.2013044006753082,0.2103494829332726
-0.5883013,-0.40138125,-0.1903851497545881,-0.15173932884224628
-1.6106917,-1.562149,-0.024033845405335708,-0.023208002784325554
0.78950006,0.17481181,0.06870741645215495,0.06737301128217651
-1.2174648,-1.0648853,-0.012791233425168747,-0.02787040408110175
1.7267306,1.5247934,-0.015368228929062644,-0.018079465450461907
1.7993249,2.3287845,-0.002659246836817619,-0.01062339981145266
-1.773441,-1.8912913,-0.10514435318887894,-0.14168367252686798
0.53123564,0.2011976,-0.06764742972330545,-0.008180143032056997
-0.35578266,-0.09772401,0.03783161825122666,-0.024208010522572612
-0.038715184,-0.11489481,0.052689177724990904,-0.03338350513302474
1.2124364,1.0313313,0.05908858574630749,0.0772196905593534
-1.0496291,-0.87982106,-0.09569031170766062,-0.055691784762460395
1.6607575,1.2844871,0.0029425306009918106,0.005055446418281262
-0.99086547,-1.2377461,-0.0773388037957985,-0.08591064578640939
-1.8569924,-1.9652792,-0.021592946328527374,-0.02140416885791585
-1.075321,-0.9628521,-0.15921246343695095,-0.23454654904717587
-0.9672036,-1.2281002,-0.05272731684506993,-0.07570409934776912
-0.5442519,-0.31984562,-0.04745172584916424,-0.055344747397180816
0.7139788,1.7085865,-0.026744520010452688,-0.0468561644282115
0.7516757,0.9464025,0.010962759374021691,0.08691314794097704
-0.4536363,-0.31924355,0.04158279105285456,0.06233318035095442
-0.8906916,-0.827067,0.07595288723636251,0.04211764575740162
-0.9895667,-1.2464094,-0.07863758900545426,-0.07724734908688546
0.65020794,0.26608485,0.07246755569826402,0.004394401703434747
1.1086284,1.0067463,0.06806090724769542,0.0624708030485186
1.2978781,1.2125479,0.20914744409919206,0.17365958150046512
-1.5191199,-1.1125672,-0.009893151770161035,-0.15515009928939616
1.6240636,2.2696345,-0.018535967342266257,-0.019472819890920867
1.1221492,0.68139863,0.23174599778163651,0.18743823944219273
1.2461531,1.1881093,0.05152505778617278,0.10189713911190368
0.06794411,0.17720011,-0.04822619918346871,0.004592339228300962
1.0686955,0.6053805,0.31086398835647944,0.25575659835822173
-0.6656346,-0.23575844,-0.025548813428600936,-0.006123414324867904
-0.19164413,-0.47567427,-0.19034546329303126,-0.1451674062105096
0.59608084,0.39627007,0.047768567897167546,0.06911606186231467
1.092704,1.0867418,0.014447191656404845,0.04101229116948879
-0.53993994,-0.24964401,0.06458115247219703,0.05284770898294683
-1.5729237,-1.7826582,-0.12918898852220995,-0.208413126920856
-0.6220398,-0.3630636,0.005649531433403743,-0.04765714316603231
0.8183814,1.3034086,0.1184077083930245,0.1318734585934176
-0.5260389,-0.29610485,-0.0656647595253117,-0.079085515829798
-0.15268537,-0.089160286,0.0539808404049502,0.00034666073120383223
-1.7307843,-1.6894256,-0.06318212767787723,-0.04167096964085859
0.012765961,0.23943217,0.00230793208173315,0.07696754891245772
0.63753694,0.16019131,0.3081735960131582,0.0668722235636072
1.7895192,2.323651,0.036354857753446934,0.016681691500938012
-0.117106974,0.1354526,0.012169680304488645,0.08984833382643165
1.1892285,1.1606963,0.015813713147005304,0.058991533510796224
0.5320538,1.4601892,-0.17808887567908854,0.03288771014531533
-0.93842506,-0.98604536,0.03239476759646409,0.0427399493866647
-0.41557378,-0.22316755,-0.18566232565595242,-0.14682776778524542
-1.1700977,-1.1882865,0.02477830477793508,-0.023305725865996108
0.032019485,0.07241775,0.03426081052041863,0.05491951536684714
0.5263375,0.59267557,-0.048450613656082664,0.008431057068911896
-1.5194064,-1.7801808,-0.18141077449216625,-0.20831156665820827
-1.5640012,-0.94098455,-0.015216080315618052,0.037847949698320615
1.1066942,0.8451149,0.17424104765449178,0.2713214374851163
0.018071208,0.035794627,0.16492057725091777,0.13597880979452276
-0.86441565,-0.73176724,-0.16590322201471852,-0.19984932750001716
-0.6694069,-0.47027558,-0.1092795598879499,-0.08284500215538715
-1.560396,-1.1391287,0.0025411532116983437,-0.06290841559673988
1.3464531,1.025115,0.02699591369299803,0.044102082040217816
-0.03923055,-0.19689564,-0.23924634008217532,-0.1733779831294308
0.96533406,1.4617486,0.08547792773862528,0.10340955346314384
-0.5686513,-0.33356774,0.11626819611170452,0.10959022973167357
-0.5254375,-0.2691649,0.09211926537707515,0.05965928643020171
0.5342888,0.30432835,0.05798754851435872,0.022646990703317715
-1.5371735,-1.8054885,-0.02977379046849493,-0.03782101640236912
0.6993135,0.37489069,0.1977570457999669,0.06776713065707035
1.2873257,1.1972979,0.26369580479027466,0.21404984589578802
0.5212166,0.18845588,0.09085798025893954,0.11727544857173522
-1.5781682,-1.2549497,0.020313350935087016,0.05291258831713952
0.44477588,0.031981893,-0.05720290611575429,-0.046395082434410304
0.89927113,1.3928705,0.07552562269474816,0.08564171424392364
1.2384508,1.1857753,0.11813310287813628,0.11480676080865426
1.1738777,0.9014903,0.08823706149071131,0.1293206141687937
-0.11477127,-0.36601758,0.11481321103158566,0.049085911032146046
-1.4536519,-1.3955932,-0.09240953777437522,-0.0863268696920303
1.1112862,1.0105978,0.06540313613716076,0.0864498569983072
0.3249334,0.028599815,-0.13082042471134345,-0.33634739077101866
-0.44010612,-0.17254683,-0.1982821169926582,-0.14104516482031043
0.30109322,-0.068957016,0.10517803316809893,-0.04777996479573471
-0.17322421,-0.17724514,-0.03840327245289918,-0.08281936305436066
0.6168161,0.4326162,0.04609821763739175,0.06885691866736143
1.4459989,1.2568374,0.17627164146037466,0.20683191194724548
0.76747936,0.35476023,0.04954301230674396,0.04819261552713433
-0.7175388,-0.9807334,0.03124382745452836,-0.03363278173767803
-1.5679013,-0.8802363,-0.02750898463021989,-0.05982218172700482
0.3800195,-0.037553027,-0.141177280684575,-0.11796123778984496
-0.36950758,-0.7211115,-0.10780658225820594,-0.15679205557533504
1.4254963,1.3365188,0.23099328438056044,0.19060425356268795
0.7549052,0.89739007,0.13507710624416103,0.1182995321415623
-0.6263193,-0.46618706,-0.06840821527437502,-0.05576326584691915
0.7763478,0.77879524,-0.06442689015465441,-0.05096667961364987
-1.7729008,-1.9003347,-0.10568449047983353,-0.1326402174029666
-0.7163347,-0.23621987,-0.031187949153478556,-0.034141952213894766
-0.4579526,-0.109822065,0.042843816596861484,0.004588393216567149
1.1857884,0.8736538,0.06691613873657976,0.11439072098119729
0.85271645,0.6525883,0.032988499714129316,0.07273550201867718
-0.16343786,-0.22711375,0.1309716781461845,0.0006314919361290194
0.51939994,1.4869834,-0.15076967028052485,0.013515004806380349
1.7138191,1.3292099,0.022474250828253384,0.015437212965883296
0.008189199,-0.19734769,-0.13280246086806502,-0.22598959383254158
-0.12512599,-0.023854487,-0.0761135602010741,-0.018018215300437797
0.28658855,0.30321738,-0.06595578102202185,-0.03273812970106049
-1.5571396,-1.0806751,-0.010320951114647814,-0.09946858045533191
0.5392634,0.6753621,0.1323278737298791,0.15089396151106094
-0.53324,-0.28901625,-0.026444346456849455,-0.053797868008421346
1.210721,2.022307,0.020352171590177326,-0.0072209443068458334
-0.82257193,-0.51706576,0.0438854825124102,-0.03512713333537287
1.0306591,0.9162679,-0.0009895943044495592,0.011755379171697111
0.56905603,1.0677164,0.10155757902417017,0.06449063005566646
-0.44913685,-0.32544032,-0.0851276287609708,-0.08305398246241485
0.63163877,0.6336483,-0.014431352400780306,-0.0017424697664703004
1.1068261,0.8444088,-0.09695476119459912,-0.051178368260952456
-0.56785965,-0.3351949,-0.0569631717531105,-0.07357771999287954
1.3607641,1.2824181,0.11375332257214654,0.08532839199706177
-0.9634239,-0.83293456,-0.02852071075912599,-0.03272351537533069
-0.45377082,-0.3464568,-0.08049366565290805,-0.06203750392390167
-1.4548569,-1.4277844,0.018100934161944027,-0.007287438550497516
0.8215334,0.81159943,0.014553904036104348,0.10223021829449674
-0.35526082,-0.2314304,0.09963738162461877,0.04864215622740822
-0.8871878,-0.93464035,0.028208711449060453,0.030947138779999772
0.78682196,0.88948447,0.0245787057255632,0.11822703302274795
-0.6367112,-0.21165395,-0.02636367931496353,-0.01594153726631145
-1.0762155,-1.1848134,-0.043684013571260394,-0.15851033311024731
1.5712882,1.3630478,0.007841843025310435,0.0031216190241099007
1.5801859,1.394427,0.26169779729892384,0.29142319005939177
-0.14908797,-0.09154645,-0.0054669879939286126,-0.08196492437938513
-1.041715,-0.6262775,-0.01585689123104106,-0.03890757321410576
0.6423193,0.79321885,0.10834248625472787,0.1015932329217526
0.8154634,0.5947124,0.07024152190803801,0.13061143328164715
-1.057685,-1.0370545,-0.027751003987777745,-0.06757550776689447
1.3003283,1.1246717,-0.0858757610562606,-0.07382278979848489
-0.8947997,-0.9372935,0.012600554785477391,0.015974281971826154
0.5591681,1.0047112,0.0673273473908127,-0.015182303076854753
-0.60840195,-0.54347795,0.002644046327415217,-0.011869077508967929
1.409807,1.0623624,-0.036357982448054216,0.006854662682918011
0.15094785,-0.2153112,-0.42025892174649676,-0.32714099197217317
1.6638217,2.2874036,-0.01576463097941616,-0.015719597647696926
-1.4618258,-1.7227567,-0.00439515910711008,-0.01761667615917628
1.1013811,0.38750115,0.13775804902872468,0.1068287883537008
-0.4246724,-0.3479749,0.012618897400892282,0.06202794749705193
1.6753985,1.4732355,-0.010231864901098175,-0.01578170571705484
-1.3476577,-1.3377855,0.03527586092753099,-0.0028479408793895544
0.77883554,1.2755194,0.08193836977218216,0.07311681646434698
-1.2563057,-1.4913919,-0.02271252626566267,-0.04999282615465139
0.98218954,0.7254054,-0.027068751324720752,-0.04906341807394221
-1.6129966,-1.892231,-0.08783285524789286,-0.09627066785369465
-1.4901785,-0.56498396,0.04518550709873104,-0.032480020843553836
1.7708138,2.3162827,0.04528334704431769,0.016628527851835884
1.1905793,1.1796548,0.015807273515384468,0.035487302413103716
0.8159446,0.8298272,-0.04707336746513735,-0.04438931189579309
0.73702204,0.9404393,0.03991512725627744,-0.007963138917680412
-0.006863542,0.28555763,-0.23201699080967478,-0.2491336118503334
1.2200359,2.0498424,0.24189382642482915,0.18427033594747178
0.2983411,0.24331905,0.049635518877750195,0.052022193011690365
0.68095315,0.31453046,0.07948554161107435,0.10382197449828323
-0.13489959,-0.32246637,0.09021230792249986,-0.0554142808366872
0.31790867,0.5340143,-0.06440115108595329,-0.07039076008482942
0.065200254,0.07319109,0.15543251427083246,0.1972881601196106
0.066565275,0.07431284,-0.0002849798836627171,0.05302442293911658
-1.589263,-1.4665558,-0.09176829165211542,0.03547300315139634
0.5256968,0.33724248,0.030282895695192047,0.044744652234610216
-1.4848875,-0.63591576,0.0022657598979296534,-0.047266436192863304
0.7922645,0.45599982,-0.02632634018623814,-0.11770670650800075
0.28191692,-0.09606366,0.07290351308068344,-0.0857041267626692
-0.8614984,-1.1239983,0.055803337163059186,-0.01755367408907027
-0.49756116,-0.19201352,0.05434385814049647,0.04401351041925239
-1.6225728,-1.1426963,0.027162541324980305,0.20263775203077716
1.0849619,0.8476338,-0.0995327822758948,-0.1253713337301765
-1.1239254,-1.008298,0.002926029433252042,-0.001522474399445528
0.35422817,0.36310187,-0.006251554400676929,-0.06776062733228089
0.35451326,0.25814238,-0.05578767012541325,0.012336869631367486
-1.0049846,-0.9758131,0.05960238376956162,-0.009238200706109256
0.33769602,0.24388172,0.0287344571332242,-0.0026245820165593514
-1.3895533,-1.3343042,-0.2877749526794984,-0.26153569150570677
-1.0877208,-0.8926999,-0.05759865216176219,-0.04281294956119697
-0.47381252,-0.30194277,-0.10848087833993669,-0.09671806010901352
-0.87523437,-0.90708363,0.0059895752739020924,-0.004402142943830456
-0.24565652,-0.4962378,-0.023654547695402706,-0.04621437697240205
-1.1875076,-1.0481868,0.042188225470378926,0.03660366135032467
1.501715,1.1657062,0.017898376823352935,0.014462210530178154
-0.5980545,-0.67609507,-0.07381952216469734,-0.05810986658782902
-0.2450642,-0.20222299,-0.00921491777300848,-0.043369609939931025
-0.53258014,-0.4617884,0.0798303818612352,0.06526123861265737
1.5521669,1.1998721,-0.10612462972109782,-0.07555047891919897
0.22569638,0.22340037,0.0969825556499943,0.09439087995734408
-1.0743328,-1.2980694,-0.04556668588113588,-0.04525435547963208
-0.32211906,-0.24898973,-0.011597199418169446,-0.04280164110657353
1.0647221,0.63069016,0.2892953766584814,0.2382394807938748
-0.7018926,-0.6472515,0.1433081464921594,0.021956915082451123
1.1677582,1.0718305,0.00893107307258556,0.018723367348815634
-1.8514941,-1.9605001,-0.027091236390478057,-0.032779118367961546
1.0417578,0.52026564,0.06038277695319327,0.04920688448695709
-0.49968794,-0.25585946,0.008563935392553568,0.0024743021295355327
0.14917469,0.13715643,-0.008223483476292787,0.01856803803849222
-0.9641688,-0.8732811,-0.13984330419809998,-0.15435096818878513
-1.1581055,-1.2089589,-0.0018792294589768943,-0.015992086251640947
1.8300021,1.6473542,0.11441663392579926,0.10686636186150711
-0.60036105,-0.8078532,0.225948534777052,0.06409311868658507
-1.0536746,-1.0432386,0.10829234520297226,0.0581873483241947
1.3973696,1.1233773,0.10232330802321643,0.12256399873751156
-0.22312447,-0.22160871,-0.04080931022350276,-0.11795849973148864
-1.9156715,-1.9834739,-0.06832081651273936,-0.06526242530558735
-0.019680487,0.23688766,0.03475437984159986,0.07951205629675795
0.32826263,0.28813377,0.006270778917711883,-0.028786753443909463
-1.5991875,-0.95031697,-0.03371707501674792,-0.07508867691189525
-1.0547937,-0.30043885,-0.040174762878885995,0.03972496762737304
-1.2338688,-1.2068197,-0.08755659507216373,-0.09939661065941396
-0.6803197,-0.60936064,-0.07966844367843773,-0.08653085848239428
-0.7373168,-0.6963221,0.09905075754878367,-0.008289660847374924
-1.1372432,-1.0885352,-0.02335262530804605,-0.05895396066936276
-1.215987,-1.0735561,0.007606695217905024,-0.0025940136877580233
-0.5917504,-0.18467669,-0.010830038875436765,-0.012305147632275415
0.5602475,1.0210326,0.047427475282666,-0.02436053977903274
0.40017408,-0.018012572,-0.22378168908242546,-0.14826285324471464
-1.8856964,-2.0141973,-0.024944840330703544,-0.03453897273753315
1.2314055,1.1521099,0.27562009367347184,0.23409761841910526
-0.076535225,0.03282921,-0.1247043246044173,-0.07460914348391555
-0.4870446,-0.38048354,-0.04721987934652683,-0.0562124233200923
-0.9532242,-0.84556895,-0.1507879090717572,-0.18206313449814182
0.3076655,0.15740761,0.11058243328438677,0.11307163992937164
0.5553432,0.3314985,0.01236875355957523,-0.01064588988366888
0.43484378,-0.016298383,-0.07562375372114932,-0.13197992899738936
1.288528,1.2201256,0.10533025318087441,0.10160773084857988
-0.21713081,-0.51979566,0.000981520407925568,-0.09381006899951305
-1.456656,-1.7152035,-0.19807547099641276,-0.22551301408359392
0.4197158,0.14098327,0.08713510209032782,-0.0423115067895702
-1.4710366,-0.6457718,0.04483964403743523,0.09107415184309686
-0.56686896,-0.37299812,-0.02483468378449749,-0.0021922458140814505
-1.1545234,-0.9480808,0.00920396872599416,0.01061979018946313
-1.1936119,-1.2294836,0.2482296268115538,0.24443231292380407
0.5533574,1.0072693,0.05431753380012205,-0.010597231253947292
1.5226499,1.2269782,0.022138900223031,0.046329882866603
-0.046868157,-0.33134592,0.09273921755735312,-0.017034316386879966
-1.0095885,-0.5150699,-0.047983437137107954,-0.15011517762236992
1.7842449,1.3838844,0.09772399539489252,0.07134290533836074
0.4796515,0.13417777,0.1319341969369232,0.008930158032573743
1.7429367,1.5776848,0.16432983375997767,0.17430940000279938
-0.18661505,-0.20445788,0.03425989407565977,0.007754345413287844
0.28614306,0.040631004,0.018326439383897553,0.023159755920859157
0.56394935,0.4282752,0.14491630468370975,0.01299108864988846
0.61307645,1.0735259,-0.0054014922885925465,-0.07685387359556106
-1.0970145,-0.9000014,-0.04830485752980418,-0.03551144018085639
-1.1021198,-0.9111216,-0.04319960049550242,-0.024391240023690863
-1.569422,-0.9193358,-0.009795276291875377,0.016199185088030088
-0.008727262,-0.07926064,-0.14362789396676634,-0.11744289380685452
-0.16429809,-0.38267356,0.11240036076288956,-0.06459802267606851
-0.24757859,-0.108218595,0.057704663137532974,-0.003230573773866874
0.10929153,0.07606583,0.07370025425453983,0.0957076058295741
-0.85431796,-0.8993742,0.055100066988875596,0.04104483443902662
1.6256037,1.2565099,-0.033274818467986744,-0.02114420122156835
-0.24991679,-0.27937615,-0.07854439235204502,-0.15806196103853332
0.5661256,0.07889007,0.1482395737958212,0.19427947128433704
-1.0140055,-0.3036299,-0.024501461766695654,0.07158152598717446
0.9994053,0.55696714,0.22983469829544179,0.1758709290913003
0.8555242,1.3475022,0.043257338646964905,0.044456902818188926
0.33771548,0.010984203,0.15398125521545097,0.16561320226260673
0.3495664,0.55084026,0.14909635802583598,0.1326449023260825
0.3899676,0.2595029,0.08926362098864848,-0.062310848320783596
-1.0681697,-0.9302305,-0.07714969090382762,-0.005282348536569281
-1.3192322,-1.2942089,-0.07781736415056595,-0.1107131947532034
1.2231134,1.1739904,0.13334823987806055,0.12659167196435495
-0.8211566,-0.6538845,0.04247017022221855,0.0528025093577108
-0.680672,-0.60521084,-0.13088921563998202,-0.13762157627513893
-0.45535988,-0.24097176,0.06029370539589829,0.06050273432526443
-0.99405,-0.8585949,-0.041890546956037555,-0.027101201915559425
-0.1965988,-0.21688908,-0.14823865813949205,-0.20375790607613303
-1.2422574,-1.208582,-0.3037918650920741,-0.27333799239558254
1.7348006,1.5617175,0.20949591525098077,0.1925030968239705
1.2824254,1.2427546,0.046294360452209915,0.07081506943045368
-1.7897775,-1.9107449,-0.09651930605449754,-0.13799141681407123
1.3922781,1.3327502,0.05975257207750162,0.07442298735509256
-0.009555161,-0.10874638,-0.268799519669142,-0.2614344789613193
1.7317829,1.5915549,0.48504407439418573,0.3874441003201454
-1.2530146,-1.2203463,-0.09590833940210053,-0.09060113234468736
0.12659538,-0.11491695,0.059329471103390985,0.02879361537098564
-1.2135593,-1.2268536,0.06823986598093801,0.03010431999910268
-0.9776133,-0.27809173,-0.02569696978136493,0.0638549252959994
0.7182297,0.2865348,-0.028551184378763694,-0.11541072986909792
0.45818722,0.023771696,-0.13000878762650514,-0.09449543947574829
-1.2328585,-1.1351086,-0.0002083520878446432,-0.01924543827044478
-0.24215396,-0.2934879,-0.06553135943565264,-0.09895742162791021
-1.6096394,-1.6816721,-0.221943559458035,-0.14942903658581108
1.5613394,1.2102697,0.030989479017364818,0.02509600931157374
0.30442566,0.26718205,0.0030991216970229774,-0.07954518089457505
-1.2914475,-1.253155,-0.12279715481614972,-0.11447409950806331
0.8562147,0.23374751,0.1348361120509528,0.03673173943574981
0.78019136,0.8759508,0.03120930522431198,0.13176068485151382
-1.7676845,-1.685155,-0.14295679177723675,-0.3635812882206264
0.11910029,0.07490608,0.16728199063657567,0.1896359787076607
-1.2699773,-1.4975134,-0.031283288843043655,-0.057786603369871514
0.40071532,0.38594216,0.028042753704018875,0.12397290629621971
0.29041392,0.13366358,-0.035073227952579944,-0.13202779760135877
0.523774,0.9747371,0.08390092832755736,0.021934924259816135
-0.51638806,-0.23826952,0.025264054172689676,-0.015115639491291188
1.4255463,1.2595454,0.07414664271712512,0.0799994170054732
-0.4730994,-0.12820843,0.029882111924676158,-0.01979157798158837
1.7087837,1.3526034,0.10364709449323772,0.0832352575564772
-1.0446224,-1.030155,0.09092984086248035,0.062080309959228086
-0.9018036,-0.93659735,0.00946094647016571,0.0075783040157548776
1.1080924,0.66869247,0.10709333229605744,0.14828673975684237
-0.99271667,-0.30548257,-0.010593570027794375,0.09124576296537196
1.7553283,2.301068,0.04133732565768922,0.01709299842768308
0.3259865,0.10605982,-0.07235677017778225,-0.06147216481247139
0.033000033,-0.32642928,-0.18951036258138532,-0.13744789009921282
-1.1384056,-1.2987945,0.09378800865954418,0.021893128663017514
0.65809095,1.6604474,0.08083860432723433,0.027443682550917226
-1.7229348,-1.8286536,-0.15565046814859573,-0.19114821479697985
0.5541155,0.39305565,0.10879884687170571,-0.000585656890612074
-0.42605186,-0.32001773,0.038807187328222637,-0.005541425705563596
-0.2405878,-0.26819748,-0.16010007530065418,-0.1948447732872377
-1.3512288,-1.5484496,0.02613707123814568,-0.041916920769670574
-0.67580295,-0.63422936,-0.01476938492190849,-0.10554169040879291
-1.7428638,-1.8579199,-0.13572153595865433,-0.1684684296047645
-1.802344,-1.8327494,-0.07499479364078665,-0.11991576959554395
-0.10343682,-0.016073063,0.036873775486759006,-0.023851497846756005
-0.21215431,-0.15067211,-0.0071724612866146675,-0.055215519390569706
-0.947876,-1.205187,-0.07205495737851719,-0.09861731689232478
0.29271942,0.02052085,-0.0926181005563291,-0.11814749349282816
0.33508822,0.2790717,0.043441137203627744,0.0740644059369166
-0.14921355,-0.1676806,-0.1584717644468297,-0.2247647218379093
0.93641675,0.9625624,0.3019891013978422,0.22734669140334263
-0.32379028,-0.18848051,-0.24823739414422474,-0.2258582117930838
1.6347098,1.4455755,0.03045676901766403,0.011971075151075983
-0.96166146,-1.2433902,-0.0582694759255753,-0.06041407745140681
1.0368605,0.782897,-0.02698916022719189,0.010333446333316343
1.5266335,1.2387891,0.018155283394112542,0.03451898408578025
1.1162682,0.85472435,-0.033559105486902,-0.006203806433691672
-1.52065,-1.6474018,0.15144010185759593,0.07809373082735527
0.47532427,0.14270961,0.03152662092158087,-0.04403785101736103
0.9053284,0.24482644,0.12764078884326802,0.061647041200835695
-0.7339224,-0.98690265,0.04762747537322953,-0.027463522189490774
-1.0588328,-1.0647851,0.2801463138684588,0.28391757048349364
0.034445234,0.049063757,-0.05640126906332997,-0.06115773103876705
-0.8776523,-0.92643285,0.05496988234607747,0.050291919816099484
0.49465185,0.5383521,-0.1972705872500028,-0.11563951043525444
-1.3869183,-1.6413807,0.019052699854149147,0.013906662229935307
0.41538563,0.32882974,-0.0754749443514317,-0.058350483979624945
1.6257206,1.4725537,0.5911063674468591,0.5065380190743236
1.6230445,1.2615832,0.11324890617035543,0.0830639276723042
-1.0903908,-0.8896396,-0.05492860249440379,-0.04587323083789985
0.6409191,0.2055725,0.022239653747252452,0.002751773334471963
0.7911792,0.24884729,-0.01913044999007185,0.0017794753524181806
0.09280531,-0.026765648,0.038857860872930416,0.014949980167663905
-0.4364459,-0.37813377,0.01767079012572237,-0.004199774378321253
-0.939254,-0.23182407,0.027601984109460576,0.06397157830041322
-0.9184848,-0.41214642,-0.0344745074813686,-0.04115512545431105
-0.10906283,-0.039177265,0.029300997087287867,-0.007797711188893337
1.698805,2.3019013,-0.029483197016588525,-0.019548962966115635
-0.61036986,-0.37275136,0.007056172967099927,-0.01820967494545289
1.1595387,1.0170499,0.3203560058562722,0.24354885567671203
-0.8434237,-0.90479624,0.06155978782329441,0.05964003461962841
1.0883456,0.8449181,0.19258962229285848,0.2715182520221646
-1.1025294,-0.9050865,-0.04278999737660594,-0.030426329516488715
1.2200598,1.0644643,-0.04337045299705555,-0.08003775688943782
-1.3266542,-1.1633776,-0.059543058369389446,-0.04775078301215685
1.2398754,1.0859611,0.25981749537825793,0.25358375900834185
-0.60864055,-0.42207637,-0.16980147722123473,-0.18178864550130325
1.7993449,2.3407161,0.03972793758552817,0.027539998792002862
1.7628512,1.5813236,0.13476065812733906,0.12326577011030482
-0.8251468,-0.67921436,-0.08381656579663377,-0.09451001009075544
-0.66096395,-0.8260031,0.0994464210435505,-0.0801021187283919
-0.9503929,-0.30999324,-0.026397554554262515,0.10911511557094178
-0.27763626,-0.18844269,-0.10471996858926169,-0.14435241136455057
0.24322583,0.3823791,-0.10716306041841997,0.02586154199516949
0.438829,0.33245134,0.08610911495603546,-0.08664854570398459
0.8803687,0.6323282,0.030145065903742996,-0.000979017436347429
-0.85514957,-0.7786446,0.04041087597537618,-0.006304750425612293
-0.929372,-1.1902034,-0.09055892132581334,-0.11360085170525203
0.8412721,0.30453882,0.09563923238858307,0.10537167562255301
0.21422262,-0.05899042,0.04111806326045564,0.060626201131208056
0.77066106,0.7804215,0.05454945232269803,0.06197631660519154
-0.17918392,-0.030964343,0.12105342845802888,0.06228608444244065
0.48751724,0.17520037,-0.011830144651452323,-0.029031076153417518
-0.26171535,-0.11176506,0.2034626547514336,0.14308679841369787
-0.5047609,-0.43270788,-0.029503560977615084,-0.04629057733198044
0.97406757,1.4743279,0.07686662775194497,0.09083023160187675
-1.0317885,-0.9917138,0.07797367697434388,0.023639188381011533
-1.7987698,-1.7977282,-0.13636250107766612,-0.25100814140055805
-1.3375081,-1.558011,-0.03035752410672732,-0.06946295046385131
0.87000805,0.31344017,0.15966143385183096,-0.04296092232648774
-0.8450266,-0.6784754,0.06634016152470879,0.07739341883875939
0.8854203,0.4247168,0.3297654371315677,0.3922624089024265
0.80951035,0.90278655,0.01423362632439129,0.05798402202474173
1.0189565,0.78256816,-0.008963025254461021,0.01075505378149566
-0.020858303,-0.35319656,0.11940229789973987,0.05825105597616409
-1.2812009,-1.1341094,-0.07419920031617355,-0.06672173063488707
0.72029305,0.86451155,0.09049656716256604,0.08243650063797958
-0.6396818,-0.19863234,-0.07973230722734137,-0.0575358763624817
-0.3797944,-0.11439363,0.004159764767374896,-0.05132518445319284
1.0771085,0.70947516,0.14748750295973445,0.15008484764402896
-1.1842121,-1.0615486,0.0409702713953608,0.03484418744687212
-0.35273027,-0.67576444,-0.02107118527582602,-0.09731054656968419
-1.1892517,-1.2140509,0.043932257376506856,0.017301599929217426
-1.743202,-1.6905508,-0.050764453613241,-0.04063852177974159
-0.10481047,-0.0033937134,0.03971395594292053,-0.026882910690720366
-0.6301115,-0.24057473,-0.004732606609210155,0.027265615261071324
-0.5403298,-0.26215357,0.012420303166393976,-0.014330983509079909
0.58816624,1.0748082,0.12045499237984891,0.10062892850707583
-0.5228237,-0.2908716,-0.08770044486969508,-0.0649301316415884
1.8553667,1.4282141,0.09907329727082104,0.08202505549994821
-1.3382694,-1.5803487,-0.034240270990438804,-0.06048395707447196
-1.7281746,-1.8082488,-0.1947488881720174,-0.24048756396983295
0.47410288,0.25980338,0.09690877630423178,0.034888477586131894
0.40010673,0.25515532,0.11713209962714888,0.04334005073375469
1.8632331,2.3758628,0.03059026641499063,0.016049284388169216
-1.223943,-1.2550936,0.024728547031700687,0.0003638960923515455
-0.5737573,-0.1704577,-0.0005923940184990872,-0.012330534354867168
0.827581,0.79940975,0.008506297567903665,0.1144199045928671
-0.13014637,-0.21224816,0.09768018926030499,-0.014234100185948922
-1.1023991,-1.07214,0.32371266003697685,0.32847264382504104
0.9783747,0.9924974,-0.03926357380476797,-0.03478817417485658
0.5013296,0.6760501,-0.10837934423055479,-0.0915490863189693
-0.6024399,-0.34647903,-0.013950383117377507,-0.06424171834227133
-0.23388699,-0.24826422,-0.03004679753963435,-0.09130298966354888
0.45243233,-0.025084164,0.05686277929573247,0.03868709857475554
0.3612815,0.2785245,-0.04031352739246874,-0.0549861598869939
0.27938095,0.23113129,-0.014263380441921325,0.050201894994370944
-1.4710032,-1.4453992,0.03424723638514959,0.010327283701394574
0.063273095,0.31947225,0.12448491919680585,0.12800953080950433
-0.4257273,-0.29714003,0.013673810206449533,0.02056271403732468
-1.3974195,-1.6264614,-0.06880155406560617,-0.11391203290966456
0.96712136,1.0817411,0.27189553881948236,0.23674529044811932
1.0836957,1.0933176,0.0797948630525167,0.09158194007830578
-0.7391017,-0.7286965,0.14483163262127485,0.044215571957102906
1.1975762,1.1613657,-0.020886865732040905,-0.007450899532962074
-1.033314,-0.31933388,-0.03085732065056046,0.07429789492808914
1.1380132,1.1275105,0.06837332499853876,0.08763159142982735
-0.7797506,-0.63064295,0.001064134798939742,-0.0686809822774419
1.1959258,1.1884993,-0.01923653232749989,0.007810777134013458
0.5959243,0.45418692,0.15901487450396734,0.03596843433914437
-1.7569718,-1.8738533,-0.1415216435251596,-0.17488299644206196
-0.41285673,-0.25333846,0.0008032302484874965,0.001994203581402787
0.016517079,-0.20888448,-0.06083772406743209,-0.17697427823888784
1.8102118,2.345467,0.04474848513923013,0.016944608520209847
0.5852612,0.26520228,0.10013991652299781,0.002864983481847272
0.21782981,0.45648217,-0.1033983854349244,-0.11364339457115108
1.0831492,0.61780155,0.1460908280371105,0.11503652128490383
0.45052722,0.1787965,0.13673850079456085,0.17916356301493347
1.8364288,1.4381356,0.020609088078677784,0.024698738420258604
-1.4443544,-1.4497032,-0.43423089531839554,-0.5103926865015951
-1.3012604,-1.318211,0.14127563008386979,0.0932600089708322
-0.9484042,-0.83569175,0.08954733640821144,0.030704355693918606
0.4539774,0.13831292,-0.09475738113585269,-0.28659123339974074
-0.25361106,-0.20067257,-0.018510862467850386,-0.06523635948536344
1.4068761,1.2279688,0.035988736277804856,0.05405950422801342
-0.35801637,-0.14015798,-0.25250776451080836,-0.21564373931046504
-0.74589866,-0.7310114,0.06351446893910784,0.0063616238076174
0.8675547,0.46251363,0.18961223251831538,0.18108102743284604
-0.43173313,-0.3529835,-0.102531350570358,-0.08371245669869337
-0.37635162,-0.41108525,-0.03570187286277959,0.186458358831452
0.5882261,0.6851959,-0.13673676183800526,-0.12416534422504633
0.4562934,0.561874,-0.027535329095892624,-0.05195890503648293
1.2445327,1.2047436,0.08467590363140376,0.08025328841781754
-0.28520757,-0.3319803,-0.06891792139048136,-0.09571711677730776
0.72323173,0.3398494,0.24459899430109644,0.12961853533070128
-0.144658,-0.08304617,-0.025173327253875166,-0.06643813648121488
0.93853855,0.7839439,0.13757110798450856,0.07589442163269988
-1.7194781,-1.6407355,-0.03705506980838491,0.009086913522003748
-1.0428318,-0.3333571,-0.05213669982956959,0.07264321222766906
1.5358366,1.3240762,-0.009868284564406915,-0.014495578455827385
0.22613718,0.40760905,0.06953313685074552,0.053509726200665464
-0.72057056,-0.6541958,-0.058115886487071,-0.07852485155286348
1.1297851,1.1253083,0.12353052579658641,0.11645845863248505
1.4923729,1.4058903,0.1639945427488929,0.12123267248511227
-1.5455089,-0.876887,0.006511213605243871,0.065313056863612
-1.090487,-1.3195165,0.0051731927372726805,-0.010726797941605914
0.35440773,0.21102439,-0.019752110691466263,-0.16745718887596026
-1.916528,-2.0323308,-0.01860434620858653,-0.016405570866805608
-0.59221965,-0.33898926,-0.06535571448217936,-0.102901746305326
0.66289884,0.36305818,0.08055252128811063,0.02124817228421816
-0.4926098,-0.12696758,0.00283011524678789,-0.012961557279615815
0.6078455,0.4317615,0.05506883588537759,-0.039291512498598524
-0.5753812,-0.41384864,-0.08219414584051676,-0.028042365583280104
0.21197854,0.20169878,0.004132422345051373,-0.01749434786818102
1.149699,1.0825044,0.026990326765212513,0.050351978838272915
-0.95613897,-0.42480567,0.003179653971878471,-0.028588642387353258
0.5732309,0.5639077,0.040187950196105326,0.07690391147039266
-0.023420041,-0.10738403,0.07491280762454251,-0.012414311724035593
0.7768886,0.33536524,0.060787419839600565,-0.06488598426763459
-1.0976977,-0.9439056,-0.04762166909138865,0.00839274511424859
-0.047002655,0.24380052,0.06207654737225572,0.07259919900267531
1.1344163,1.031306,0.7074673457150615,0.654544103564946
-0.5347048,-0.63352287,0.3048678845544721,0.2934918120409461
1.1295426,0.6974903,0.06682267876624937,0.03377072683902105
0.857593,0.23308714,0.17537618189060078,0.07338633990212201
-0.5200938,-0.2577666,-0.10876198525876124,-0.07029729933103374
0.5782004,1.0789909,-0.008044215931111265,-0.06803253633097306
0.4434431,0.2612648,0.08149502999700531,-0.015462003192998258
-0.62448615,-0.55371034,-0.03272258391701277,-0.048484843126971544
-0.4133595,-0.31707162,0.0013059954271679164,0.04912178056858291
-0.051384386,-0.15030715,-0.009801375733958922,-0.05502386689281172
-0.021953918,0.030002326,0.013196668933538018,0.06885497330168014
-0.4133186,-0.23152553,0.0012651066408519984,-0.0167573625643129
-0.2514118,-0.29417497,-0.13057779981417994,-0.15467368164297796
-0.29934198,-0.28135708,-0.005288065669470876,-0.02778202492781584
0.5313691,0.059418727,-0.33725610510074777,-0.3671663020403258
-0.10983274,-0.022950903,0.030070910283851587,-0.02402407362590315
1.777409,2.3287358,0.04003253313749,0.028666365087782086
1.7678074,1.3718671,0.041201568232225316,0.02797740670577431
1.0178664,1.8905241,0.21320681445821932,0.12456182585001452
-0.49729565,-0.4183859,0.023403392168700132,0.00812898941559026
-1.3099561,-1.4625078,0.05305804108965817,-0.02154587040001399
0.82317746,0.3011586,0.03160810973078476,0.029434712205315794
-1.2945274,-1.1439865,-0.040219018266257844,-0.048959311998156396
-0.64134485,-0.41111797,-0.059615419390721125,-0.12808731865201994
-0.09926146,-0.38473922,0.14513252360407744,0.03635898796111198
-1.1834819,-1.2001069,0.03816252776224904,0.0365687371383292
-1.1970584,-1.1593853,0.05173903533060842,0.0403761404730667
1.5874734,1.2234257,0.004855464887726146,0.011939952907459972
-0.3568013,-0.26527223,-0.08006102618007888,-0.11900945935414736
-0.21392742,-0.18745096,-0.012854227262728224,-0.09812491416359431
0.13068007,0.32388508,0.10975087873559758,0.08138697748996615
0.7955066,0.30944958,0.1191623523719324,-0.03897033175413056
1.6727604,2.2928624,-0.003438589854112939,-0.010510037795217197
-0.97088856,-0.86298645,-0.19850641279889314,-0.2496217026407137
0.33514076,0.5337066,0.11182674696710965,0.11053742798089505
-0.28962657,-0.32571644,-0.09236302687449793,-0.1231322149300263
-0.4233566,-0.2063682,0.011303095065153146,0.010035733868989843
0.97505647,1.0803152,0.18855625469715354,0.172676504955654
1.1749356,1.0861518,0.0017537201673121228,-0.016934743139835895
-0.3876055,-0.6309519,0.013804028824058012,-0.14212310665116612
-1.0380126,-1.145814,-0.06355524772595667,-0.09425829404944142
0.36206228,-0.018170005,-0.06370332074635071,-0.08094093759612099
0.841867,0.34201413,0.149305995497805,-0.07153488239232941
0.70725405,0.34419012,0.05367347841362036,-0.0737108691591446
0.3860908,0.10859659,-0.05143516823808186,-0.06502939334659472
0.6215974,0.7784574,-0.01294476522128074,0.0210813050555676
0.5041498,0.28160197,0.044497256113509964,0.003070885422279457
0.2506679,-0.0325961,0.3818158861358997,0.1176308743766665
0.1614058,0.13638154,-0.020454595002782044,0.019342928222894684
1.1776968,1.1487947,-0.0010075246065526233,0.005120196887326012
1.157125,1.0101998,0.019564303281936146,-0.004529196792538492
-0.51611906,-0.48581225,-0.018145419078506198,-0.06972032043572096
0.4008602,0.27976426,-0.10677862018180845,-0.12775054479504658
-0.36317736,-0.08798934,0.028116781679210556,-0.046930293024186054
-0.33995876,-0.5166095,-0.0434973700809036,-0.03845923420267017
0.8234357,0.7828605,-0.21001685136334292,-0.142048923135778
-0.53344446,-0.16226198,0.07189551793911331,0.03661920932056664
0.5502667,0.71291906,-0.1573164265212042,-0.12841801618194537
-0.95831096,-0.84413946,-0.033511445808214746,-0.021518617017939334
-1.0916474,-0.6958359,-0.018475253869211006,-0.0757548017068378
-1.5404549,-1.4254884,-0.1405763894914709,-0.005594477889558247
1.5888704,2.1765463,0.12249195001838609,0.12714282557734524
0.41658354,0.12669335,0.060447875784675975,-0.05622325260559084
0.077616945,0.26451737,-0.06254305205949744,0.05188235301344801
-0.895368,-0.93442726,0.03638891250267984,0.03073405217492775
-0.9236406,-0.98724127,-0.06390441429039007,-0.07991025466275015
-1.0871173,-0.40075505,-0.038648332083224934,0.12454880427429921
-1.2075933,-1.2353706,0.008378873760521488,-0.01935904244524611
-0.42157558,-0.1956215,0.009522078476942086,-0.04477604968434207
0.46531728,0.36008403,0.026379452866360398,0.06457667583375404
0.8578464,0.61155486,-0.023470047086497914,-0.11861645168967427
1.4184271,1.2455316,0.16070296134196083,0.12063789824469096
0.9994645,1.109812,0.2395523896343017,0.20867436378185955
0.9214924,1.4144893,0.05330435547139001,0.06402299037459991
-0.854127,-0.89906067,0.03144458470432332,0.022919738400541623
0.064107865,-0.043512814,0.13868209977599513,0.03856202373749741
1.3614829,1.3100239,0.09054778863786539,0.0971492847336326
-1.4845558,-0.6510032,0.00193411965439938,-0.03217901048409255
-0.5391508,-0.34389973,-0.052552870162976495,-0.0312906373469794
-0.08969986,0.08259423,-0.11153969258203647,-0.12446693271577058
-0.42260092,-0.32562384,-0.030148830422852935,-0.07090330740022105
-0.2254902,-0.08686522,0.03561626956854036,-0.02458395266581176
-1.7849118,-1.7760234,-0.09367355851114456,-0.25035569624527687
0.6549414,0.32469475,0.030459762199419926,-0.05662748535207607
0.33524698,0.14960904,0.2043564576569974,0.10398631796621866
0.32350743,0.5243674,0.12346008351114651,0.11987664135217191
-0.2280731,-0.16881014,-0.04404881524857396,-0.09709878230926938
-0.8697101,-0.20514491,0.07391409920463055,0.06985420674614454
-0.14796992,-0.114874616,-0.035426829335273136,-0.10233078306048446
-0.03700248,0.1082463,0.05672039177655708,0.07354615135064593
1.8150694,1.4221925,0.08669763282032061,0.06782311453928402
-0.91938186,-0.97509533,-0.019278772403983457,-0.01774852416654238
-1.5047178,-1.773308,-0.008627735469987297,-0.017151160411017052
1.8175687,2.3230298,0.08603157483072388,0.07630385451615318
-1.8073355,-1.7981067,-0.04256689627338117,-0.08166088205973132
-0.420314,-0.27319887,0.008260516367948556,-0.00337844521102737
-1.0414609,-0.87735337,-0.10385853222768016,-0.05815947666080634
0.19349281,0.21093838,0.07162475201104346,0.07039480125486136
-0.6849981,-0.65816355,0.13484618508593105,-0.006279383066083999
0.055043753,-0.024325673,0.07197540131340902,-0.03814166370317213
-1.0508473,-0.87913454,-0.09447211197774119,-0.056378311060983344
-0.28676584,-0.21622466,-0.15009648379116286,-0.16805703375504916
0.34602287,0.30144265,0.2515085703307727,0.24214742457061178
-1.1045794,-0.90834206,-0.04073995522420115,-0.027170783423501654
0.82841325,0.24439633,0.030160859040484378,-0.09674273417791548
0.95193464,0.8385317,0.2146111521237597,0.15869697079672818
1.7518961,2.3246667,-0.01902465353792282,-0.01012364882695449
-0.106973596,-0.2320666,-0.023016949702944378,-0.025493148795498244
-0.78376216,-0.61829245,-0.1252012031524382,-0.1554319175156822
-1.0190599,-1.1101133,-0.03350137030376943,-0.055744074512459996
0.9742952,0.5189303,0.10535857894496758,0.08616535855779295
-1.4521341,-1.7129232,0.032536616196822576,0.022088194202655398
-1.610569,-1.5600702,-0.02415651176428346,-0.02528689358480163
-1.5487309,-1.1500818,0.0004818307649732123,-0.07384874188042079
1.0363227,0.3301233,0.1275344332081374,0.09565062104037542
1.8068185,1.6208329,0.09079341111806172,0.08375647369306849
-1.5293016,-1.5015956,0.05270492406411176,0.036281163805866656
-1.05593,-1.1719576,-0.04563785308789514,-0.06811462396734913
1.0357138,1.8885604,0.10528990017841577,0.04108565873711756
-0.48983163,-0.3510817,-0.04259969079796133,-0.027262798262136068
-1.3980665,-1.5428573,0.02885659336607982,-0.026450789550757525
0.4779299,-8.3385035e-05,0.1336558174966156,0.14319131725887208
0.84618986,1.7553898,-0.05544284576252412,-0.041338016299727665
-1.5444345,-1.1128776,-0.0038022509319979303,-0.11105288826561366
-1.1651536,-1.1040432,0.01335703653048781,-0.019418831637598055
0.6763452,0.8288554,0.07431657873824837,0.06604945731710588
0.16527207,-0.0927888,-0.09691418991437689,-0.2146804688618108
-0.6751805,-0.6038613,-0.1035059559717817,-0.12895213336322497
1.7883835,2.3449922,0.029058006732155528,0.012410032690321149
-0.83194476,-0.8527895,0.061324237873015774,0.08797094060030108
0.15753984,-0.21034251,-0.20186049007640522,-0.17551624431955343
-0.9080492,-0.9602708,-0.030611403515128477,-0.03248026516425606
-0.20398399,-0.04890696,0.1458535055387555,0.08022870115846792
0.42159188,0.38791174,-0.046728847046442035,-0.02113865480214072
-0.23572753,-0.28234607,-0.1091099224779854,-0.1383009196488259
-0.89882165,-0.8048839,-0.4157599653673685,-0.38045485115823263
-0.30370277,-0.17373797,0.04807933409158349,-0.009050267235459514
-1.0875055,-1.2930025,0.1693762758404984,0.06610339468325388
0.044589657,0.103342056,-0.0045847236715148565,0.0355912879161798
-1.45408,-1.4325764,-0.022516733688878965,-0.03273803461179692
0.55992705,0.091750205,0.00033004791003832246,-0.013580308406729358
-0.91369474,-0.2947398,0.0020427375693909955,0.12688732069772157
0.24359648,-0.017295463,0.05476247536666351,-0.08181547929600731
-0.80962557,-0.7716088,0.11905323499310005,0.031837777078542295
-1.0970403,-0.94282484,-0.04827910832326121,0.007311993695181207
-0.47771043,-0.33294398,-0.07659665756511969,-0.10829764783171003
0.5988243,0.8943241,0.1404718641152708,0.052345620382524105
-0.7433922,-0.5697142,-0.03504979970811217,-0.034150831217932276
1.3074253,1.1117456,0.13543956292270232,0.17028272028483715
0.61133933,0.8823368,0.09031587247389805,0.07861931684663592
0.4415448,0.052585784,0.06775031272201726,-0.03898284976470674
-0.48227227,-0.12242907,0.02072332107403152,-0.003213695614316475
0.80097157,0.4470842,0.06371308869130143,0.09186745790241035
1.2470659,1.2104678,0.05061227225608245,0.0795386023916278
-0.20124444,-0.14294784,-0.018082331553529035,-0.06293978961514093
1.0812159,1.0624853,0.016402934108070255,0.01396771049572143
-1.8660498,-1.9943588,-0.012535543717748565,-0.03202030615433449
1.4167516,1.0903586,0.02929068590695394,0.03396304227525904
-0.92324644,-0.9734306,-0.027024229567638502,-0.03703932025617962
-0.12632905,-0.056445837,0.027624515851460515,-0.03236778813802453
1.2463133,1.1869226,0.14754488521517617,0.13490350526224315
-0.08550021,0.20161647,0.0012165730649296436,-0.03114179005078277
-0.4171167,-0.21786806,0.005063204012907052,-0.03904231007606279
0.8397485,0.6616671,0.058299753282622935,0.017179621240996257
1.6063327,1.4355772,0.06445564963067452,0.07707395871833156
-0.50803006,-0.44575614,-0.09772785089319636,-0.10949812399526782
0.31109947,0.2616312,0.12352473259539337,0.12694251778015764
-0.5226468,-0.42748126,0.021134846619617953,0.0033090667421486475
0.37594354,-0.008700943,0.0797009500452232,0.08093364690805774
-0.5394486,-0.31687576,-0.02023574784311044,-0.02593835901717989
0.35164687,0.13193014,-0.09801713599771328,-0.0874352566165768
-0.123455204,-0.20216498,0.16895963203207873,-0.0007540536021019284
-0.047696248,-0.28946763,0.07340249618831962,-0.005477872589814914
-0.6301274,-0.23623578,-0.004716751773699901,0.022926665342324376
1.3515416,1.1953756,0.20510161155837547,0.20187138421023532
0.48383585,0.6611633,0.17761194309744377,0.21871306524232548
-1.0573299,-1.2574978,0.3640689204430174,0.20129296216332504
0.77017367,1.6882671,0.1834805840958873,0.10825598733564545
-1.2519215,-1.4942166,0.020198964651079176,0.003019662978799964
0.5947105,1.4804176,-0.018688217655352557,0.12500212661604482
0.61264944,0.1227299,0.10171570475819303,0.15043964410442828
1.388367,1.2867609,0.11865853342414323,0.09944655354636356
0.75453377,0.6528279,0.41201202006275506,0.344400725221777
1.2348759,1.1853651,0.12451880369413204,0.1514894915486018
-0.28946182,-0.28080872,-0.0739517044855259,-0.15393910313804365
-0.91442436,-0.95946527,-0.03584631304084407,-0.05100462892240887
-1.2371405,-1.0914612,0.028760264439401606,0.01531110239347977
-1.335644,-1.2943164,-0.408044818960549,-0.3590400402420286
-1.8608375,-1.9466622,-0.017747850694066925,-0.0200573951568761
-1.0603733,-0.8769038,-0.08494609764973826,-0.05860907449634711
1.350129,1.2957891,0.16740672663506562,0.11926939894989208
0.7394796,0.37982938,0.020959085255025767,0.03852305958892044
0.6678972,0.25505012,0.02178130225072239,-0.08401883500556995
-0.78669524,-0.60165536,0.008008791171010055,0.03322795821091018
-0.46137053,-0.3917308,0.014975743540949826,-0.004518056255101821
0.20706959,-0.09272135,-0.012956605708238284,-0.2150262248368136
-1.5658263,-1.839203,-0.08890515334657145,-0.10151353765079363
-0.67319393,-0.51415277,-0.04915325537416215,-0.02171285389511668
0.65995187,0.85079825,0.027282441316146433,0.06804090811135433
-1.1415372,-1.3112137,0.0969196366960432,0.034312352448417904
-1.1802409,-1.0251799,0.0349214655979424,0.06165089199381024
-1.4044477,-1.6549053,-0.029876265056026474,-0.04455713765414915
0.9056779,0.16314636,-0.09085533992809669,-0.05529050620728551
0.56092757,1.4504274,-0.0886623844172561,0.10248528225270226
-0.91074353,-0.7444644,0.1320570838078814,0.12705515868561224
-1.5654925,-0.8618986,0.007686592361618727,0.007465530665550335
-0.6434318,-0.5902495,0.1499857695293566,0.021450998499524254
0.7446784,0.31792137,-0.11781629740412813,-0.09948531620659609
0.10060172,0.3543092,-0.04580925505367435,-0.06323531540710764
0.6672389,0.9995479,0.05323680361829963,-0.04573497056007203
0.7809555,0.4152219,-0.015017312514424175,-0.076928784831365
-0.8739554,-0.7892458,-0.029752859186747305,-0.03624347574559006
-0.7487143,-0.737086,0.15456646348252556,0.05260504491852869
-0.5205524,-0.26406035,-0.03913196995767343,-0.07875376653175203
0.5083328,0.6333232,0.025648943621135234,0.05303779563951594
0.5683201,0.42575666,0.048642895426431854,-0.08217573665922895
-0.53454864,-0.4275563,0.005417019616449359,-0.01062395307597458
0.014739963,-0.0353454,-0.09951244462225185,-0.11738580475857671
1.1945506,1.182427,-0.017861333963242076,0.013883059925151153
-0.5404166,-0.15022941,0.0226505992334759,-0.0038005577577786
-0.31306565,-0.37386492,-0.06770183750752101,-0.14298313251658978
0.48366866,0.29258537,0.03357017254699446,0.005910002744863085
-1.3163363,-1.1684495,-0.03906381194184494,-0.032381587431151715
0.00030226755,-0.3245486,0.0982417276354116,0.029603096743833768
1.7846955,1.373933,0.16974449802307934,0.1363061710318696
0.4614466,0.94650346,0.1087095708711806,0.06445493954106674
-0.83495575,-0.7709021,-0.02390110462038353,-0.03408529713048325
-1.1822872,-1.0935137,0.036967812262371114,0.02599112987558949
-1.0452497,-0.88725114,-0.10006970337788768,-0.0482617081633393
0.71352726,0.74237967,-0.001606336375052364,-0.014643871301788236
0.59399664,1.0876805,0.07661696909222437,0.04452653112530758
0.9479652,1.81933,0.19303848730991602,0.11031609601586512
-0.40441653,-0.34196007,-0.014358570407038251,-0.040280707041684405
0.53841174,0.5488753,-0.05013691208445625,-0.047402149583294695
1.7906722,2.328095,0.015648108002668915,-0.002605172067407846
-0.9637171,-1.2182686,-0.06721281953157354,-0.09425589764246789
0.51564753,0.31841478,0.052064433701024204,0.0024378362840099532
1.0437354,0.921614,0.512907864991603,0.4756329546638791
-0.22754882,-0.08625317,0.10317998242230758,0.0458647696718526
-0.6429479,-0.51487225,-0.135738538540904,-0.15226096770645714
-0.6161003,-0.3700669,-0.03279807405665369,-0.06533028952898784
-0.98076904,-0.26394966,-0.022541201863731875,0.04971285905568873
1.7231691,2.30921,-0.03282702150935468,-0.01618929286888493
0.31650823,-0.012020308,-0.018149278883862918,-0.08709063471362845
-0.13903293,-0.2015126,0.10668896104238507,-0.02496965666921766
-1.3016566,-1.5345538,0.06638991537869976,0.050963894994108694
0.58819234,0.33260918,0.15525901609630766,0.05169717526540407
-0.9392442,-1.0480502,-0.17869993270094953,-0.21697683040295979
-0.43310925,-0.40595248,0.008956868600401402,0.200343161958941
0.2996683,0.18407841,0.1420441272789153,0.08575146090937624
0.4194339,-0.011409388,-0.06143597672803408,-0.031019925758646448
0.76568186,0.9315926,-0.05192777222948686,0.02750815606131396
1.2456166,1.2121147,0.021142239748018765,0.05442126444938733
-0.16473512,-0.24946606,-0.009373587469476669,-0.04158316160422748
0.7910931,0.2694719,0.06369245554835068,0.06112140563526269
-1.0266792,-1.1298703,-0.056190432690608416,-0.0819075104797613
-0.4347346,-0.5811166,-0.04661251303528008,-0.034808324051638695
1.7523049,2.2730765,0.05413759041039756,0.052506021543337944
0.40522754,0.40635332,0.008131949049893561,0.0626507800054718
1.1617709,1.0804601,0.014918359640273549,0.016587610484940507
-0.74012035,-0.6661574,-0.1230138896553592,-0.12361591574146791
0.20199826,0.21276459,0.1206806769592747,0.10502665826525881
-0.9568386,-1.0221257,-0.01445235436610115,-0.02025657951448845
1.3865073,1.0844979,0.13310604894249356,0.09567043959511956
-1.1805818,-0.9952281,0.03526240416605764,0.05776712381144189
0.7434032,0.31240255,0.16429972649216573,0.14574762936590285
-0.06779949,-0.1635524,0.08177348766056067,0.01527409097827287
-0.486608,-0.40439865,-0.047656483369506564,-0.10289423336870196
-0.5654209,-0.15305473,-0.008928759241429995,-0.029733511106194682
-0.5033332,-0.42053574,0.05058345555355698,0.024008595742708028
-0.89270645,-0.8992903,0.11402000304311088,0.0740793690980307
-0.5184024,-0.338382,-0.015862084346450533,-0.055918694851434525
-0.86990625,-0.91687477,-0.022436419576739808,-0.012144276893974126
1.8564409,2.3706598,0.03738245410572549,0.021252293039902614
1.1083283,0.39470613,0.05552880366864765,0.031067796333344166
-0.60419655,-0.71649873,0.17662225585447983,0.20484572398838885
0.32202676,0.19941735,0.11968567996560658,0.07041251850081454
0.33508632,-0.087266415,0.019734113580790247,-0.09450137000016462
0.24269783,0.09293169,0.09550190060560171,0.0295816100960431
-0.83790255,-0.746687,-0.18007301226183792,-0.1840946520504233
1.3263524,1.2635808,0.06408395329925631,0.09683700350930358
0.6985025,0.6986189,-0.035221526934770764,-0.020050464947076407
-1.2148373,-1.0736173,-0.05892583581864863,-0.052163953392757145
0.93641716,0.9291352,-0.054134124344277,-0.02894253921901002
0.2885329,0.14021161,0.04966682284299795,-0.017698314058238518
-1.3458014,-1.5037155,0.2018262703587166,0.10538000837397798
0.662673,0.15680405,0.23940822102411363,0.03046174177357125
0.5502333,0.5795925,0.06208566905816215,0.195269728574051
-0.5413213,-0.25532347,0.013411766827587823,-0.021068311130938877
0.5873319,0.37199068,0.03769702487532456,0.05749399058465299
0.588501,0.75550085,0.08309032442491693,0.07066244996437154
-1.8228099,-1.9178649,-0.10011352077852376,-0.13087140357707172
-0.96263814,-1.033812,-0.041160944276935174,-0.05792316185221558
-0.0024569514,-0.110056214,0.0164309454108513,-0.038222098437181995
0.95406896,0.5131304,0.2750488530108208,0.21961487330556617
-0.93965083,-1.0078173,-0.047894189471206716,-0.0593342544491271
0.5528655,0.41827136,0.11017102686167957,-0.02580137206051869
-0.50003046,-0.47624022,-0.034234024005569186,-0.07929234954949049
-0.5638218,-0.6387794,-0.10805225779854744,-0.09542553326339664
0.44549987,0.38620555,0.2555442810243195,0.2502459150787808
-0.6874877,-0.5168748,-0.03485946551057573,-0.01899082897751414
0.9755093,0.7193953,-0.02026629017248538,-0.04305330292730525
-0.98791015,-0.8754682,-0.004034467034302991,0.009810120717808957
0.57515115,0.12228048,-0.06830025142720453,-0.023608716648464548
-0.46999463,-0.3796605,-0.00401983228538505,-0.03059641651588252
-1.2881413,-1.1429657,-0.02949564130231974,-0.016119553766753114
0.3918945,0.22664389,0.13573227185040193,0.04383536139543609
1.5215946,1.178264,0.14210542866465148,0.1112785528025586
1.0211312,0.91771215,-0.09644090821798268,-0.06214119550210917
-0.85870683,-0.903693,0.01720393519902086,0.01326572424844119
-0.516957,-0.38373968,-0.017307496982253756,-0.02475461980296051
0.4499087,-0.00396754,-0.09068867867651736,-0.14431077259876518
0.8536582,0.98241013,0.03632413078029384,0.033372235456897936
1.7063932,1.5087004,0.052142554261042084,0.048108606614907456
-0.4129096,-0.33685035,0.030553368774935086,0.004055241609578153
0.68039703,0.27015665,0.09788445666762535,0.0775060940994256
-1.1792547,-1.051531,0.03601283388010201,0.02482655400876177
-1.116436,-1.2286259,-0.07251272071236081,-0.14095134005449172
-0.7494285,-0.6736117,-0.06213269489184359,-0.06922071644237526
-0.4510026,-0.37043983,-0.08326188417021152,-0.10855862585683701
-0.7130824,-0.64231026,-0.09847883241549471,-0.10052215525081643
1.1205103,0.85433847,0.15101468361618053,0.21923875332044052
-1.8597624,-2.009064,-0.01882288006723587,-0.030562484390189493
-0.28068113,-0.2997166,-0.027004183651541613,-0.0927287362488819
1.2692666,1.2146016,0.16198817457237147,0.12856120280991568
-1.0753274,-1.3043145,-0.00998641419632107,-0.0258360747593267
-0.58684635,-0.44188377,-0.08026147038637954,-0.06605849104870831
-0.29154217,-0.22635949,-0.013087869880133718,-0.08277961809225981
-0.54431784,-0.4174337,-0.03100953120391392,-0.044124243277677666
1.0576012,0.5933304,0.32183610911342386,0.26780669057852813
0.5394064,0.41027364,0.12167473752960689,0.12153482104845192
-0.77664196,-0.6778901,0.15206356546987887,-0.004642690120980286
0.7555647,0.20616853,0.05925788505511864,-0.09831267687016546
-0.5092696,-0.46922186,-0.02499488683287021,-0.08631070706482558
1.1989676,1.03241,-0.022278276559677623,-0.047983451812838696
0.40089273,0.33998322,0.0908039974391906,0.08467747801690528
-0.6581702,-0.46186393,-0.12051622752100655,-0.09125664804466938
-0.91153467,-0.8098376,-0.03629178613641937,-0.03568970285893891
1.8425467,2.310014,0.04162198666400485,0.07456939053694667
-0.070081405,-0.32460654,0.1659367588723659,0.06713955613154726
-0.287266,-0.16194397,0.16289714586587295,0.12155556813328983
0.47624978,0.23224276,0.0723972664608763,0.05243008780722819
0.7438483,0.37950814,0.16495449786448435,0.15146540708681855
-1.5925125,-1.1190484,-0.014776657647915581,0.029539596057517548
0.37682685,0.5594559,0.18416350755530986,0.17134128704838392
-1.0492983,-1.1680185,-0.0686458569830235,-0.09700853530560871
-0.9212055,-0.96881485,0.028862854391003112,0.03979580660974902
-0.47456992,-0.33049238,-0.05969456525389072,-0.1062035839512721
1.1996524,1.1127703,-0.02296313392814686,-0.01572263693632414
0.9463999,0.4920595,-0.03869700431227763,-0.03390932325364976
-0.46848533,-0.38948336,-0.06577915640417453,-0.07541426017386316
-0.29288563,-0.34471384,-0.08788185426357875,-0.17213421455546918
0.12973112,0.028106598,0.0019320532776774257,-0.03992226629146257
-1.3743966,-1.1917921,0.05297113014756283,-0.11442413370018545
-0.4296815,-0.19459426,0.017628012143171334,-0.012499355393453121
-0.59515244,-0.74679583,0.17588849201793905,-0.03592709173615527
1.2168113,1.1670076,-0.040121999856796764,-0.034151194989852085
-1.1774513,-1.3887793,-0.07944677973401126,-0.09527443180138118
-0.9835035,-0.30692825,-0.01980671957537128,0.09269144382207667
0.88181305,1.783192,0.01281329818097321,-0.016540436013017246
-0.31428134,-0.38281628,-0.06648614117268214,-0.1340317665688664
0.2721473,0.01460314,-0.07241260759778353,-0.1131574704015742
-0.8214007,-0.76957774,0.02597134638127785,-0.08745285020935256
0.55290365,0.29649633,0.11563237418652905,0.059422821585801866
-1.073468,-1.0555152,-0.09763795173582657,-0.12240208852918033
0.8837661,0.60459465,0.03689117246047946,0.01933305710424771
-1.2447433,-1.214,-0.07668208526076237,-0.09221627752190176
0.56291366,0.4099029,0.14607420597571574,0.031456154559828475
-0.55085766,-0.2836609,0.05142331172642356,0.05031374895228036
-0.92425865,-0.9688722,0.004296300638414241,0.004415532309995918
1.0897384,0.6390988,0.11603714476378868,0.13502128247891654
0.9649815,0.6982664,0.020447612564345685,0.023996058332964365
-1.8101562,-1.833992,-0.039746166064030586,-0.045766271182543505
0.3359213,0.5342256,0.16274147054033183,0.1492595778479331
1.167791,1.0044408,0.10373401440383923,0.10411020684048133
0.9592311,0.85479,0.07043840662252188,0.07323327872308871
-0.25840387,-0.5903544,-0.010662778371735404,-0.07668606903284525
0.20021519,-0.06032293,-0.023822798405927048,-0.1059524961509036
-0.8716615,-0.2941063,0.051423298792128036,0.17245258696129556
0.46130377,0.42715546,-0.09792857218383799,-0.09108879692200639
0.6268554,0.20956889,-0.30014347034096744,-0.2474525391067189
0.6374606,0.18212484,0.025698153655699718,0.026199435926406167
0.9842228,0.33031183,0.25491628314813997,0.16401810391118066
1.6424723,1.44084,0.02269433691927536,0.016613776346238618
-0.5603611,-0.43368834,-0.019976935771474857,-0.03037436243232261
1.5148983,1.175726,0.1488017720865875,0.11381651857709474
-1.579453,-0.9282871,-0.01596946794331955,-0.011771420504165464
0.55260915,0.30678278,0.015102818615422398,0.014069831723539372
0.7661803,0.7720891,0.0026909676903497104,0.013255985200858023
0.2535179,0.20884037,-0.03288512734503515,0.06163888135965423
-1.1562059,-1.1023345,0.010886488638713887,-0.02780691844663119
-1.1116692,-1.0611033,-0.18800269443008055,-0.22099307823907144
-1.2877973,-1.1149871,0.14247792788584523,0.12520464365552275
-0.25883126,-0.2752617,0.10977580340364465,0.013341824564247595
-0.84753567,-0.7699516,0.07691514401620425,0.005133001337910947
0.40649605,0.40018708,0.006863442999783698,0.0688170295190979
0.12341606,0.16211642,0.2689231429393467,0.19751347494641702
-1.3357347,-1.5846453,0.1004680365640025,0.10105540004476787
-0.8679701,-0.81474775,0.00911325246961281,0.009760356403452297
-1.6804323,-1.601244,-0.07608865940940901,-0.030404620711089514
-0.028958827,0.106760904,-0.1354952159607167,-0.1114333883334974
1.1095371,0.73315984,0.12446912651190067,0.16944480823231411
-0.11442266,-0.25696313,0.15992708455817126,0.054044102420923584
-0.42602924,-0.35039544,0.038784567365530376,0.02483629012047095
-0.7548565,-0.6741998,-0.05670467870608309,-0.06863259741237648
-1.220395,-1.3816152,0.18946504645048212,0.06909063136449012
1.8199672,2.3463616,0.0349931121381315,0.016050062011420785
-0.15165253,-0.06787826,-0.018178796695289046,-0.0816060433615936
0.77219015,0.32476687,0.14797828963589932,0.2087114232961358
-0.8549774,-0.8029469,0.07629097815602592,-0.022171260373193502
1.5910848,1.280709,0.13249861669459317,0.10113832627019903
-1.0591476,-1.0429227,-0.15790965540125446,-0.15354824800288802
-1.0981692,-1.3284783,0.00026766559172464177,-0.0064962009516471575
0.28389052,0.25770777,0.010191054643859887,-0.10569405461216999
-0.7956139,-0.71613294,-0.06739814505967245,-0.07354763270658882
0.78537744,0.44260404,-0.019439261901020854,-0.10431092022260036
0.57881767,0.74218047,0.2318497356451873,0.20476758345887192
0.9212563,1.4215637,0.05354044946934533,0.056948515086208795
-1.5887424,-1.8669914,-0.06597685368062756,-0.07371586013847398
0.08830903,0.33754352,0.04775374014014708,0.07069713927185711
0.85987926,0.86447257,0.09890785900681531,0.10000875181377034
0.76804763,0.5160048,0.11765731485008513,0.20931900907968182
1.2568763,1.2192051,0.009882445512789273,0.04733081511619641
-0.49994016,-0.55658925,0.20435372746935332,0.1595054865646522
-1.1706855,-1.1868695,0.02536612578470998,-0.00987978701841441
0.8532009,0.51743597,0.015272284362543243,-0.04935954949455007
1.0449972,0.58330667,0.034778773575749655,0.02178900434026365
1.130292,0.6645665,0.3981204545478123,0.3237563390715833
-1.3259326,-1.323448,0.013550802371927961,-0.017185480552241117
0.45225808,0.079689726,-0.17650815769268519,-0.3084912034283825
-1.4547454,-1.3969452,-0.09130380986288711,-0.08497479792994533
1.3186998,2.1184294,0.1432299003002564,0.11568327120442978
0.7693041,1.261899,0.015454575832888784,0.0001840678361586523
-1.380102,-1.369321,0.06772021879954027,0.028687565369084567
-0.13197544,-0.44117913,-0.25001415325923304,-0.17966255129298336
-0.29713053,-0.25594884,0.031363575835780866,-0.04140864798532207
0.71054363,0.31602022,0.08900256913539739,-0.0455409689802353
-0.18899022,-0.108355135,0.05435565740056106,-0.001053124728882568
0.5291284,0.32988703,0.11472103486188923,0.13549909585317466
-1.5428251,-1.2472291,0.023417875667147037,-0.042381581388201583
0.7585508,0.8998189,0.052116578487289345,0.047129152863473966
-0.29810825,-0.15453735,-0.48033377888558715,-0.4493276698543306
-0.27791503,-0.33286294,-0.050546153550088846,-0.10457516680521117
0.789254,0.7093255,0.07164210608234645,0.11034400703729152
-0.9895128,-1.232579,0.07126140624099708,0.005587132674985895
-0.03995551,0.087096475,-0.16128403782978198,-0.12887640838650727
-0.00971242,0.19140302,0.08369200772906354,0.045308456334982095
1.2754432,1.1349287,-0.1260069463482043,-0.12424860922864056
-1.0966412,-1.3263735,-0.0012603590817372723,-0.008601079377245302
-0.53657794,-0.34054288,0.18000822930976929,0.1892959742746592
-0.8509268,-0.744264,0.07224036570637993,0.0449400738024226
-1.8846033,-2.018189,-0.013890217667615667,-0.030547368886214787
-1.1826091,-1.3562261,-0.04104756364920403,-0.026431522867176094
1.0563445,0.93908995,-0.02667502387750864,-0.01106670287099698
-0.24495533,-0.29420263,-0.07201802064825846,-0.10529311767683275
1.7670482,2.3339174,0.008352672281104256,0.002148030828989178
-0.5292337,-0.4286176,0.07648393868496567,0.03209044913244802
0.29174066,0.018087048,-0.09200596563763949,-0.11664137865250213
1.3104814,1.277007,0.018238334947143997,0.036562664263827704
-1.1089733,-1.0474756,-0.19069861251327147,-0.23462084580193765
-0.9893672,-0.8212227,0.04154073387166779,-0.02430456005574677
-1.5504658,-0.91907686,0.10548508457381778,0.3216128751410958
-0.8878077,-0.2598014,0.06756954141068883,0.13814767010262247
1.5963687,1.2699231,0.031645794352329615,0.05385110561091766
-1.3464116,-1.3021138,-0.33092889645707557,-0.2937261335909729
1.2205896,1.202425,0.015249778155177474,0.040640491524847056
0.7921936,0.8428865,0.0315503849570512,0.1178840674196392
-0.57341814,-0.20954956,0.023144019477365885,0.039006779162473915
0.79893154,0.37540588,0.12123690417599942,0.15807241978089226
0.77796113,0.2079696,0.1744710082028026,0.06250964561517791
1.0122931,0.8844693,0.0033221216854539826,-0.11637912564867625
-1.0603375,-0.6390517,-0.023387524304537166,-0.07910428747520248
1.1320456,0.40658507,0.16282169473110186,0.1385820765909569
-1.5815443,-0.910843,-0.032662007677322524,-0.07198182983937573
-0.31294987,-0.16090295,0.12307593808565309,0.04945377802800538
1.30631,1.1232011,0.07936002513238849,0.10093956367352441
-1.544621,-0.7902043,-0.013172706582361915,-0.0641360151913245
-0.98575187,-0.25800905,-0.05275513627383677,0.025960667317893454
-1.3218807,-1.4810038,0.06498266553271237,-0.003049953079762524
-1.2969092,-1.2635137,-0.31460843300684815,-0.2752735176407408
0.67443246,0.8197765,0.27543325594783885,0.24786355314304176
0.75694877,0.9418749,-0.04319467849093095,0.0172258183957561
0.8951734,0.58639336,-0.030488714516096027,-0.04744170995952812
-0.6499916,-0.48915747,-0.044735932578604753,-0.0327928576457015
1.772258,1.5945312,0.1720384491254925,0.1596894285729329
-1.2276486,-1.080538,-0.002607422237424606,-0.01221762831663642
1.4189712,1.3575616,0.09514264644949266,0.09673806075311853
0.42723116,0.13393924,0.04980025105361213,-0.06356190457414784
-1.6302925,-1.9052881,-0.07180789287390543,-0.0857739691534094
-1.8543183,-1.9924241,-0.0242670491117305,-0.047202313072135293
-0.107745275,-0.33524808,0.10155445646729888,-0.06582472714232279
0.07386643,0.0053120404,-0.014918790699476159,-0.06453247488509604
-0.9942199,-1.2536601,0.07547966031064302,0.037614920156883835
0.8380256,1.3313131,0.06075589144618976,0.06064600117634322
0.06659955,-0.16824612,0.09977154366019919,0.057260794169808935
0.46996045,0.39338574,0.19112070520386226,0.1384227242619529
-1.3189266,-1.3657222,0.3011954365776679,0.31888698501882873
0.5722696,0.5715863,-0.027411108335197665,-0.01287494781080234
-0.4210785,-0.7656805,-0.05623566012189918,-0.11222304007240536
-0.915274,-1.1981516,0.041874060351123066,0.021440321911798232
0.43218324,0.1278302,0.0787006206321419,0.08513249795917793
1.7775415,1.3752631,0.03146741448466672,0.024581372465051654
-1.0277209,-0.8229187,0.24903447743504814,0.27072581628392034
-1.1215982,-1.3062056,-0.11916793901859868,-0.08303855141092242
1.0073417,0.5849652,0.17961327964035267,0.10352943752944577
0.7714826,0.1979929,0.08709152024196143,-0.05033931122621718
1.7980711,2.3238688,-0.0014055227386120528,-0.005707685547536645
1.1607741,0.85652536,0.08264238519590239,0.08866008473674925
0.34449086,-0.10468306,0.11310901139000601,0.05288411187306058
1.2605995,1.237624,0.006159300981539273,0.028911906996994752
0.04513585,0.22078684,0.028843739100943122,0.015924633059415993
-0.56551445,-0.20580964,0.04774844621833918,0.05177967080934481
1.4211419,1.0885776,0.024900446191377767,0.03574402906114771
-0.44988328,-0.17063522,-0.022053597756047816,-0.06818526508514658
-0.5193676,-0.25434816,-0.1190206650330482,-0.0592438397375315
-0.7120429,-0.6021182,0.3509514106421974,0.1481672690015312
0.33951697,0.060078014,-0.057412073795410745,-0.07235752491104042
0.69508713,1.6164421,0.09565987592860747,0.09760970899629284
-1.587293,-1.2377408,0.029438226003751566,0.03570365448687829
-0.86534715,-0.9170799,0.035332082787435826,0.03537287999934713
-0.36054426,-0.093524784,0.003974553639145506,-0.05772212455651757
-1.1942201,-1.3976203,0.14960251328295726,0.12071894100280023
0.63485485,0.52973324,0.12008433918750006,-0.0395778899139379
1.3545903,1.3042943,0.06652097149997993,0.07940837921021537
-0.6171101,-0.36604008,-0.04767573974008654,-0.11833895264452599
-1.5622352,-1.5133543,-0.03306501227661851,-0.04203848396944854
-0.09825536,-0.17768213,-0.2837342367939506,-0.27116651931044317
1.3248978,1.2232486,0.15768562727967628,0.207116743358833
-0.46198434,-0.21784204,-0.02913966811353469,-0.035543119831295156
1.2700735,2.0963323,0.23108592996192234,0.17507336837980692
-1.4809321,-1.4387627,-0.11435591083760333,-0.11663012062716338
1.8567994,2.3694718,0.017592445254192013,0.007690121770046687
-0.31894323,-0.47542578,-0.06451289494510037,-0.07964294430093677
-1.5428514,-1.4921321,-0.052448800385444194,-0.06326071774172637
1.605427,1.2705567,0.16178574928632927,0.1377297237470929
-0.22281767,-0.13286667,-0.0038417599926716395,-0.06290918170271015
0.558908,0.89657646,0.08640795365652165,0.08580919990263725
0.56695706,1.0052289,0.05953839122549898,-0.015700029021373796
1.6035656,2.2588863,-0.04032293060261116,-0.0301542238285748
-1.5720618,-1.5096618,-0.23746210586517202,-0.20084012929061612
-0.98353225,-0.94679075,0.09583360109542394,0.03595436165008592
-1.023864,-1.1225477,-0.04042949043621902,-0.061028398922010396
0.62177956,0.44165826,0.031846725239444984,0.06380391503958904
-0.64882505,-0.47219437,-0.10126403100973014,-0.07777207625037752
0.37912583,0.16713074,0.0016033246301950799,-0.07458170578266152
-0.5762094,-0.2978746,0.016158426241075996,-0.02740624537076236
0.5433169,0.09899098,-0.023511642353879814,-0.09234568895076833
0.3257075,0.14758447,-0.06058992830302057,-0.07247593652733295
0.2586609,0.4975025,-0.005031178136766623,-0.033878981253347484
-0.67065835,-0.5045267,-0.05168883696290727,-0.03133894442169749
0.6428893,0.34283492,0.25418124633478745,0.09982289604746647
1.1807014,2.0498443,0.3587101261262231,0.2578339466005284
1.1607616,1.1343296,0.13887195499025484,0.1337834653550778
0.63879675,0.27111506,-0.11459189291654626,-0.25983134561363713
0.3582882,0.22049949,-0.019966252150930175,-0.09798618780320312
-0.94150937,-0.3927922,0.014703202198877996,-0.007724003199099716
-1.0659639,-0.6077118,-0.044158776093637275,-0.163878898100423
-0.8491823,-0.90728956,0.04984220060134925,0.048867443432955904
1.6689013,2.2778945,0.0004204532672249517,0.004457880600778896
-0.31647226,-0.34703898,-0.08421561389776111,-0.11600326585239273
0.06378156,-0.0596686,-0.2734536669091265,-0.17432791952103047
1.3873706,1.2969017,0.2689968267988807,0.2302213151776782
0.9542103,1.4400074,0.09672391515886636,0.12515070527283623
0.1402994,0.38612852,0.1176077241038288,0.11460245870198704
0.5794552,0.43830183,0.0816259594725085,0.09350663091249611
-0.63767236,-0.43001774,-0.07624226431914827,-0.08989167648687901
-0.68715805,-0.28440976,-0.032256075175492005,0.028241540462812798
-1.0266596,-0.86789966,-0.11865979603688426,-0.06761319055469672
0.59251976,0.41308117,0.08958168551303658,0.12494279100576677
-1.5774167,-1.5343266,-0.05730885360693483,-0.05103049729116149
-1.7919697,-1.8949952,-0.086615653314001,-0.11151283256275901
-1.4960257,-1.7593828,-0.004866581508341072,-0.012299985865635632
0.32921398,0.16151403,-0.048697825917495274,-0.04549453458560697
1.6677504,1.2829926,-0.004172497308445822,0.006457204658426585
-0.67140234,-0.49684173,-0.07868674524312858,-0.05312472117072664
0.92224103,0.66155493,0.0328797526463791,0.014787044362733814
-1.8703241,-1.997402,-0.008261175431615753,-0.015692664603819573
-1.8331184,-1.9609077,-0.04618791634546793,-0.08782862460826069
0.5925296,0.9354717,0.10912560824889195,0.025484398633745298
1.0247178,0.5087698,0.17164746018409605,0.22249119154544195
-0.94451976,-1.2169948,-0.08897659498371135,-0.09358162702859563
1.2614739,1.2439696,-0.025634478207737565,-0.0009040650928897609
0.9757531,0.56714064,0.0814138282061816,0.07645401422636411
1.8453935,2.3647048,0.028998270869121212,0.012457062840603328
1.3787158,1.236566,0.34902287452203495,0.33388001744491125
-1.2764616,-1.14951,-0.01771078165265516,-0.02803615815663152
0.9006265,1.3850613,0.11217788882218604,0.13677394251213326
-0.52936596,-0.43119887,0.027854018620502963,0.007026668041434536
-0.650089,-0.48243198,-0.1000000549126232,-0.06753447187072359
-0.26556408,-0.23764162,-0.03906595825903997,-0.07149748701640074
0.92069304,0.89631784,-0.4148198337381992,-0.3297211436188042
-1.0973073,-1.3191272,-0.05717790334384398,-0.037276887154010785
-0.79403526,-0.510799,0.015348805151875533,-0.05762841509917893
-0.22587755,-0.22253682,0.11568518707541556,-0.027601443281047022
1.0685984,0.6094047,0.16051942214457937,0.12334061659932838
-0.37848184,-0.093939416,0.002847210884776019,-0.07177939747637857
-1.0877751,-0.8931901,-0.05754429272572703,-0.042322760962564154
0.50963897,0.37318197,0.10732402583567258,-0.029508273879628844
-0.13327132,-0.21855725,0.13881275772157456,0.003578301105047088
0.57180625,0.3344443,0.015459469756276545,0.02342298011814653
-1.8833648,-2.0221484,-0.015128682976758734,-0.02658795154307514
-0.59621966,-0.51773685,-0.16376851129394676,-0.17815464159396655
-1.4207325,-1.4226352,0.0993070657402142,0.116418933469004
0.62094873,0.27517286,0.12250262790889921,0.10913349247083315
-0.3180928,-0.16016611,0.19372395288796768,0.11977771059125186
1.3378611,1.0220765,0.03558792323737059,0.04714060762157768
-0.67891717,-0.68416786,0.12033270169845822,0.05887329024266841
0.16731201,-0.17374702,0.0850956134103728,-0.13752576502045072
-0.28534374,-0.6093124,-0.03590699977884565,-0.11060615198483137
-0.81906694,-0.5768203,0.04038049098103813,0.008392908104861596
1.3486829,1.3032755,0.0724283878436689,0.0804272610080059
-0.86522835,-0.91151386,0.04254594979373982,0.035372936833463986
1.1338592,0.67410856,0.22015828025345208,0.19482107335368926
-0.78132653,-0.60108244,0.00264008160680107,-0.016326794553828683
0.40590346,0.21610665,-0.14078589168574152,-0.14099812161453693
-0.1525064,-0.0895425,0.00039566237984875463,-0.039718244091660165
1.175976,0.8693284,0.07672849377808366,0.11871617044790261
0.511089,0.29091904,0.1327603806031612,0.17446709268888327
-1.2096567,-1.0718195,0.023152209729814244,0.012275048099933628
0.73826814,0.7323978,-0.2908117813601962,-0.2722994778698043
1.475824,1.172964,0.11393842825089595,0.12761806394738717
-0.7861636,-0.666161,-0.24415523951273488,-0.26545556395784187
-1.8431926,-1.9765799,-0.03539273289621536,-0.06304653895561918
1.1319938,0.8766701,0.14894149855170857,0.2397662020992215
0.4245038,0.06398269,0.20797998272975649,0.02105208636440034
-0.7016605,-0.6551917,-0.07702593687922188,-0.09404173242893665
-0.41422182,-0.19459991,0.0021683256254558803,-0.07019579133009557
1.7927489,2.325214,0.04632390678566245,0.04304221322376556
-0.7145208,-0.5507523,-0.0641656387224836,-0.08381915184846422
-1.5579507,-1.0774399,-0.009509851108544298,-0.10270380136445056
-0.9310078,-0.9901914,-0.04028315966776741,-0.05219090044115471
0.82013375,0.39787248,0.2595200321920379,0.20722319675931578
-1.5548643,-1.3787404,-0.08858708891739653,0.04747663751047693
-0.5103762,-0.3600125,-0.02388826699797031,-0.034288199064767655
1.644068,1.4542772,0.0672943534683983,0.05243676322538038
0.023976002,0.16770229,-0.12891329570893337,0.057598644724258796
0.50493926,0.34023282,0.11202373286692258,0.0033481071060298406
0.31412145,-0.003322891,-0.015762500290799564,-0.09578805134699599
-0.38645145,-0.6979607,-0.03916746388670539,-0.1276213538885017
-0.2659741,-0.30157372,-0.062487079863489114,-0.13586438666147338
-1.5544142,-1.0362303,-0.013046433101647326,-0.14391337987854969
0.29580665,0.021247871,0.01941742416198694,0.05914847188717055
0.7513163,0.7572484,0.06008435815323654,0.25046309650312515
-0.22526073,-0.17194308,-0.02901838218569769,-0.07364951454388916
-1.0377133,-0.6029118,-0.019858627871971235,-0.06227330922179619
0.3998881,0.37923396,0.0018613492165605594,0.05887819687688267
0.4856477,0.9640151,0.08450847576696308,0.046943273719991296
-1.2140616,-1.4259945,0.11224932436959634,0.08712369596910663
-0.39846882,-0.31918252,0.07697366408306494,0.06505520388329267
0.60466397,1.4629716,-0.07887037147492748,0.11702956503411421
0.8312837,0.6270152,0.3831688050982194,0.4238337343828811
-0.16063978,0.051492494,-0.4149320169229592,-0.5131432144064577
0.3895478,0.23633733,-0.09546622484756467,-0.08432361389065815
0.57225,0.7296017,0.04006896497567314,0.04516780467766068
-0.4812136,-0.40380573,0.06243849771201082,0.021564953167971357
-0.6792073,-0.61359525,-0.18392691598821442,-0.1761780929227118
1.7740492,2.335556,-0.04117767344301315,-0.021012940590260154
-0.86869884,-0.7827995,0.0539601442210732,-0.002149889452254139
-0.29535505,-0.5086564,0.007467914305121115,0.012866808507239702
0.35670027,0.5405739,0.03624998521242312,0.04392714525604291
0.2923789,-0.0061535807,0.2274263559409505,0.012798868592330596
-1.0438708,-0.8722735,-0.10144859723012156,-0.06323934211643378
1.6928856,1.3145235,0.1890832530929516,0.1407038767891664
-0.6973184,-0.5230084,-0.05277070529943351,-0.026958043695751055
-1.3197181,-1.1664009,-0.05596898701515629,-0.04212999477717694
-0.36664936,-0.2618426,0.045276412291269996,0.007715297190787784
-0.34955174,-0.29604718,0.005569758023157734,-0.025059076142048164
-1.4203124,-1.408428,0.10793058504862474,0.06779453043408701
-1.0886188,-0.8884383,-0.05670064858357615,-0.047074562453347846
-1.0793734,-1.043719,-0.08110020630821513,-0.10377009702953122
0.076593846,-0.012574674,-0.16136632747891888,-0.14015653274318393
-0.95701486,-0.42187095,-0.018309065916337963,-0.0768872231038294
-0.78084594,-0.65046823,0.0021594893559770956,-0.0488557025647649
-0.49512184,-0.40268138,0.048727052458949094,0.006432538885355332
0.606887,0.76818424,0.005431990640956341,0.00667800990034495
0.8616707,0.21642801,0.08403986607846581,0.010635524340088826
0.9218177,0.706208,-0.02682473948582431,-0.12133587592093753
-0.79139274,-0.50716203,0.012706292830403365,-0.04503086229731745
0.56703097,1.0427692,0.06557503068542814,0.046114849579510064
-1.1868143,-1.1193923,0.035017722069733415,-0.004069801142908114
-1.8469008,-1.9707592,-0.03168448952615921,-0.04904263542075915
-0.82650214,-0.7848466,0.004553005105896735,-0.06884431753557929
-0.23214918,-0.51986194,0.06793956250105743,-0.041143979420200205
-0.88321185,-0.8507121,-0.004486797712101698,-0.06012427261199904
1.7192584,1.3624824,0.004325026988172276,0.01936492596349737
-1.202948,-1.1263229,0.030864364699669355,-0.004839007172099841
1.1688792,1.0503143,0.007810148122939564,-0.0021556894603724785
0.9249396,0.7184598,0.030181211958818066,-0.04211780802755549
0.14554693,0.12397233,0.14083535014509008,0.140569733151783
0.44562107,0.093404815,-0.003908633894332991,-0.16190211133314691
-0.45276892,-0.24517663,0.04071542426208308,0.031496436578432985
-1.2648143,-1.1489472,-0.008948890895247752,-0.020806380884552667
-0.48555148,-0.31562093,-0.18155634553133804,-0.1923213346575645
1.8288767,2.3604915,0.07961194020878692,0.042923916266170536
0.62479043,1.1220479,0.045823183043335214,0.010159088994265097
-1.8275146,-1.8469064,-0.022387743784672676,-0.03286112887064441
1.24259,2.0472276,0.07794167753159265,0.052834412337465775
-0.92440945,-0.8243456,-0.06753516941543702,-0.041312485082819705
0.4011904,0.102459826,0.07449669288822053,0.04380223982852527
0.90988356,1.4100046,0.06491319450642419,0.0685076438475003
-0.8711588,-0.8247426,0.049209639436646246,-0.02894830618304023
1.2012192,1.0189619,-0.06485952646908921,-0.06756096242057519
0.6689138,1.6529703,0.07001577174285323,0.03492072761012133
-0.9422251,-0.8340989,-0.0056013545415707355,-0.011428407063498236
0.8965775,1.3851129,0.07821927580143762,0.09339937797073028
0.18557663,0.1149632,0.12549226442090217,0.1052354542287835
0.7254619,0.87271494,-0.053870599246805484,-0.04645886508424546
-0.78093666,-0.5211622,0.00225020762532524,-0.047265193930660865
0.29608428,0.20166942,-0.03915485382693967,0.06880982676561431
0.09125726,0.2938267,-0.015933351096301895,0.06830795175849452
-1.5999558,-1.1352072,0.00365341867891833,0.020743655681782602
-0.62976044,-0.47281086,-0.037347377845638574,-0.03513139921177899
0.3911638,0.108980924,0.08586761765364875,-0.03860359206270375
-0.49750495,-0.27795777,-0.06217941716226327,-0.06485634755592196
1.1665249,0.9780305,0.010164412382277943,-0.03590642107893793
0.8703166,0.7176596,0.015388320995562421,0.007664217247711602
-1.7109116,-1.7862769,-0.16642712663334036,-0.1663696461001405
1.5872092,1.4145358,0.14065161436079388,0.15591020409804845
-0.7819782,-0.5999729,0.003291739188130416,-0.01743633501632258
-0.7004803,-0.5081274,-0.056941457166729936,-0.1167033372426951
-0.12114759,-0.20368333,0.05996182648624257,-0.0016476839790315057
0.38455376,0.095572785,0.10714297167663261,0.08102462056645404
-0.8091262,-0.71028477,0.030439747534688033,-0.05202905826225068
1.1692792,0.9574779,0.12106629722899642,0.20172473221919107
-0.438932,-0.27770832,0.02687850400070002,0.020797951860124952
0.83928233,0.33080485,0.15189069131384503,-0.060325603093547064
0.7485888,0.34276944,0.08908722834179783,-0.07229019245092316
1.8217913,1.4182456,0.2051198266247778,0.14700536812186327
0.4267768,0.3445814,0.06479772440302833,0.08007930749803016
-1.6984357,-1.5295194,0.017404410183516905,0.09843660807845933
-1.757957,-1.7804444,-0.12062832859934036,-0.2393574051656322
-0.4114131,-0.30358186,-0.009439585123981853,-0.040902086375489866
-0.3455799,-0.2468053,-0.09128243502407302,-0.1374763939158768
0.5595558,0.41618067,0.09407045771091105,0.08928150321631634
-0.4750398,-0.65619385,0.16307710856682445,-0.03348214360053414
-0.6394576,-0.89543,0.1403898649524178,0.04340894224574987
0.95155835,0.7113365,0.0064954968785573275,0.04256005225357273
-0.8040835,-0.679019,0.025397075377400435,0.01281343988613981
0.3677588,0.23049079,0.0738314178471079,0.03933908235980044
0.6071959,0.9321193,0.11327978095136848,0.02169361830711547
1.0986857,0.7425453,0.14460854453469474,0.20264013959209592
1.6497792,2.282741,-0.001722134298202782,-0.01105708391478677
-0.4554167,-0.3132675,-0.1268766896592879,-0.08539332661330123
-0.8292382,-1.0847545,0.2321572483908193,0.10155854796220865
-1.7645385,-1.8193858,-0.11404678372324173,-0.16061828255700017
-0.45429602,-0.1671427,0.02097781377986141,-0.04236289949146729
-0.94505256,-0.99948215,0.006391934821816103,0.006731067633748089
0.7219335,1.1095876,-0.05779705313776695,-0.13434507005183083
0.7897883,0.53428537,0.10825994930084193,0.1445613632415761
0.4487031,0.12977704,0.026983982793768624,0.016392252723077844
-0.29959372,-0.33658287,-0.0266676696891186,-0.06996328948144648
0.018704671,0.21723932,0.11149196873134937,0.07633931837499397
0.6340726,0.7915862,0.037518699192220395,0.034577082761612754
-1.2884059,-1.1354895,-0.029230996679517007,-0.02359576436093036
-0.4859994,-0.41887826,0.06722430365263887,0.036544709092595495
0.42628732,0.097999915,0.06540940873031303,0.07859748962887775
0.45534766,0.26651955,0.11566400363157858,0.02817231561980804
1.24491,1.0604355,0.08368755130803107,0.10591030987095529
0.7670598,0.32196277,0.10899047486121494,-0.051483522262019354
0.8756154,0.34860197,0.11396886441034271,-0.0815551546077109
-1.2734232,-1.5174534,-0.005595025960486888,-0.023931291273059596
0.31334502,0.48975572,0.03744245191725715,0.027209762823733552
-0.41513744,-0.28723007,0.0030839423761730433,0.022434371505025585
-0.8976381,-0.9350321,0.05613518577122545,0.0446048331923804
-0.2608003,-0.26359716,-0.056173049706714884,-0.13589858285055406
1.3865951,1.3394011,0.034516138278544384,0.04430160106537895
0.30092958,0.5038418,0.14603793552187344,0.14040221603631498
-0.88091666,-0.8017102,0.06617796391177755,0.01676081659098927
0.70437366,0.25327247,-0.07873368684625459,-0.041794066472302493
-0.9915019,-0.54557073,-0.06606998975704204,-0.1196143484025518
-0.66848516,-0.5034902,-0.05386202231141801,-0.03237540958969676
-1.7536067,-1.81724,-0.12497863320291702,-0.16276404976891423
0.45368886,0.454314,-0.006232504321621979,0.005784323399726954
1.7722845,2.3268523,0.00311640423758619,0.00921308858350578
0.74005556,1.2315354,0.006695495320990563,-0.01268255073701563
-0.4629254,-0.7492286,-0.014388758943539193,-0.12867493530937435
-1.3612704,-1.6166179,0.03617866574345574,0.026251361739179524
0.81184983,0.1761962,0.04672427456782813,-0.028542607887594135
1.1773777,1.0925525,-0.0006884013384251819,0.01905981316581218
0.5793471,0.25021058,0.07623458800062544,-0.010344977246587894
0.88335806,0.64657277,0.3693464704435805,0.3414717813907432
0.2670747,-0.17300756,-0.014667079637150693,-0.13826522024353421
-1.5935082,-1.3414215,-0.04994313273300932,0.010157692579446653
-0.054472383,0.11845301,-0.036655069472745216,-0.048817828071969674
0.43853083,0.27808478,-0.011850344257248457,-0.1367394563587995
0.7903269,0.44010156,-0.02438871239387974,-0.10180844901402797
0.5590822,1.5508273,-0.20511725750358195,-0.057750331350961526
1.6198676,1.45857,0.16494359453932472,0.16957804494477857
1.8653247,1.4496757,0.03644233420581866,0.04033988967050961
0.20644934,0.40002802,0.08922096825257048,0.061090751562680234
-1.1639678,-1.1859591,0.018648443899944356,-0.02563316803518556
-1.216066,-1.2352276,0.056081280794929356,0.010276634375190108
1.1853136,0.9080495,0.04245990852150028,0.05058737277244618
-1.7624922,-1.8326153,-0.11609313038767044,-0.16066398317509045
-0.3544087,-0.2280509,-0.21761896496026478,-0.1862878206149527
1.3634515,1.0363485,0.08259082819516195,0.0879731950920315
1.6349539,2.1177092,0.22073967226443636,0.2452591510135429
1.0503987,1.154764,0.1132140167477822,0.0983204496497736
0.8099828,0.73734426,0.03857002974087309,0.12935892627235568
-0.8045188,-1.053913,-0.006431331780506255,-0.0686213934778317
-1.1791651,-1.205363,0.019180402842353672,-0.019587915261650712
-0.3354101,-0.290452,0.030780045988625437,-0.018687101193150923
0.49822205,0.5128118,-0.05076569743304166,-0.05271346312218467
0.359142,0.37418976,0.015721025447301862,-0.007509450721159772
-1.2059498,-1.2189088,0.006735335285484867,-0.035820891657892595
0.80429375,0.40147415,0.01272862069373737,0.0014786970796398236
-1.3132621,-1.5608609,-0.011829656972303537,-0.029598452629623573
1.5089219,1.2167387,0.08084056505356929,0.08384333994073434
-0.9514619,-0.4289822,-0.0014974032943568805,-0.02431934650266615
1.6231302,1.2565355,0.040569869964089955,0.033007044585700696
0.056297895,-0.095404714,-0.03792430513914963,-0.04953392769950132
0.88529843,0.21993557,-0.02696874578580699,0.022249255350322267
0.5097956,0.26476714,0.0961683962341906,0.12853776817751233
-1.1092968,-0.91259336,-0.036022605218097636,-0.022919482134896918
-0.6242646,-0.87991637,0.2050006522237801,0.09719344506804395
0.098124236,-0.2896645,-0.029766353825242675,-0.017804762546770214
0.25722843,0.0989763,-0.11456627353411006,0.1715029523711975
0.5740769,0.3435956,-0.0063649266886852685,-0.022742980366380672
0.05288651,-0.33180767,-0.09708494298428517,-0.054051082876796774
1.7733701,2.3213384,0.022073366677446637,0.024838774964259347
1.8116403,2.339415,0.05309687897366544,0.03041811556836027
-0.52485424,-0.40558505,-0.08701421426441136,-0.07443385756860288
1.1837358,0.9975787,-0.01719005971019416,-0.0003500367640018043
-0.33877733,-0.28679466,-0.005204645787343365,-0.034311594557499214
0.25214118,0.10918814,0.1533968103182528,0.05711194852308479
-0.78629345,-0.7235063,0.007606996260579146,-0.07368855818848286
-0.30682552,-0.5587463,-0.014425217580893379,-0.16117228882183698
-1.1396134,-1.3318155,-0.04933533538216062,-0.03776175246141311
-0.3581067,-0.122138955,0.0015369918887335188,-0.029107953707194295
0.8385411,0.358558,0.07612785844874514,-0.08807874759618683
0.28235638,0.25070962,0.06562023290896968,0.04463161939089416
-0.5972685,-0.25284743,-0.05040775370632444,-0.04655096617188503
0.78144735,1.2807499,0.04131893769778394,0.024656092170652455
-0.37004593,-0.15787078,-0.2404782060906271,-0.19793093761559505
0.6984005,0.3114041,0.06252703313926733,-0.04092485746328278
-1.2294662,-1.1325018,0.016808543552375266,-0.014152392099956668
-0.16807057,-0.13456464,0.04113529862399365,0.003077446420562069
1.0063788,0.2934774,0.15747837623181904,0.13229654012492437
-0.4674435,-0.30291274,-0.06682098599020359,-0.1175487103162044
-0.28473836,-0.34418175,-0.06730954241953996,-0.12915782105444573
0.6376817,0.76840806,-0.08145759091681004,-0.048372061705980296
-0.98358965,-1.2516997,-0.049906704007759206,-0.058876703398834884
-0.20230924,-0.24994741,-0.009073825292814197,-0.06939623939483236
-0.9109146,-0.78036094,0.13222814913838676,0.179278976013442
0.043231994,-0.056052096,-0.19558714967701052,-0.14065143746511105
1.6596164,1.4808893,0.24765021301717982,0.2711048397229532
0.9527872,1.0096402,0.4114959400263274,0.4175709943108181
0.64017195,1.5815587,-0.11437834848374706,-0.0015575712345015091
1.7623568,1.5959878,0.45447022948451776,0.38310395230186267
0.6542125,0.1491463,0.11783625533219377,0.10148046269143796
-1.1028925,-0.9293913,-0.04242688588063426,-0.006121522330362006
-0.6003247,-0.35435614,-0.016065573146521794,-0.0563646069073348
0.09083874,-0.056886997,-0.0991071429545211,-0.04602745877385794
-1.1686654,-1.0314144,0.023346005163982442,0.06788541862802655
1.0201006,1.0299921,0.03083360296404214,0.04080205817631666
-1.4198534,-1.6623975,-0.09350433454388996,-0.12808024899431159
-1.4039191,-1.6519138,-0.015666194328578742,-0.03892121284080163
1.8731472,1.6870162,0.11795605021387057,0.11692834024713772
-0.32747495,-0.19186963,0.2031061114058052,0.15148122743218662
-1.5950538,-1.8736781,-0.059665437054650994,-0.06702917266899155
-0.4446102,-0.19469517,0.011291999399215658,-0.014810428926625069
1.2441144,1.2223947,0.02264439600564816,0.04414125136497571
0.6609462,0.09365979,0.08433833421678782,0.06995000952594596
0.44893676,0.28396738,-0.0306888300765904,-0.013488124217433173
-0.7964814,-0.66357243,0.01779492016881279,-0.09874139718665864
0.4112672,0.47149292,-0.0801556926920407,0.05929509119825804
1.7843764,2.3163967,0.031720786962835756,0.016514563771025337
-0.15971355,-0.44505998,0.15352273296800079,0.04398717490388082
-0.18492743,-0.12921213,-0.0022578525850591447,-0.04003189512327984
0.93758994,0.8545082,0.5052748800575595,0.4275200950673994
-1.3776815,-1.4049559,0.20657557212891953,0.2270386053261053
0.39494506,0.36767492,0.006804392210106092,0.07043723623120701
-1.5118262,-0.70019335,0.010420608431443545,-0.025755182053036618
0.8915531,0.5431545,-0.05717677173020519,-0.050216068694068805
1.800104,2.3023193,0.08406466606921725,0.0822641117588705
0.270109,0.483863,0.10023222664667336,0.1022151107224335
-0.41211173,-0.25603783,5.8231793439889046e-05,0.05970537214509
-1.0257118,-1.1298794,-0.057157816075313006,-0.08189845057375544
-0.77868646,-0.69236386,1.3075764693226688e-08,-0.039614629868739426
-0.95667547,-0.85773796,-0.14733662132532777,-0.16989413101150852
-0.7985732,-0.71775085,0.019886745177205123,-0.025916487244142306
-1.7617785,-1.7474704,-0.23441046668176524,-0.30126594341014057
-0.43187153,-0.38584784,-0.10239294858518955,-0.135453108632687
0.58273125,1.4099331,-0.23634337542000922,0.0792475610608201
-0.42833507,-0.35186112,-0.10592941136900302,-0.1271373340286815
-0.96967167,-1.2291962,-0.0638246865860368,-0.08138019861520451
0.2549547,0.12046755,0.1632932346473781,0.15001170048530654
-0.43491796,-0.2088566,0.022864459000623727,-0.021336408996431355
0.44579452,0.25312915,0.14648184935664388,0.07384618847248275
-0.43444592,-0.1991117,0.02239242001632502,-0.0027868764805610013
-0.8399774,-0.88086075,0.047847724573703676,0.027911973484482266
-0.96576303,-1.0337946,-0.021781990641555837,-0.033356881325958154
0.3725483,0.33980167,0.040811179024640265,0.12920243553640137
-1.2769865,-1.1249692,-0.018896856932209216,-0.017603169278161523
0.41877082,0.047132526,-0.012132933070399643,-0.11924779862040995
-0.7825129,-0.5760825,0.003826452456410445,-0.02499943346760658
-1.2468374,-1.0974411,-0.026925770968795115,-0.028340215294612614
-1.1735984,-1.0437273,0.05259899066829843,0.03390676487362576
0.42988718,0.3514472,0.06180955640678093,0.07321350807099769
-1.0147464,-0.86632967,-0.06531231072440447,-0.03949721755313651
-0.64528275,-0.20870115,-0.04590064057322374,-0.03318070440207738
1.125769,1.130264,0.08061754954687861,0.08478532663683058
-0.46723327,-0.41675475,-0.06703121157232639,-0.06224370090146897
0.024388064,0.19957775,0.10580857644504871,0.09400088987767952
-0.12844318,-0.39087337,0.22698717670203938,0.09583509857147277
0.9324116,0.93483496,0.06218332164742879,0.07899927013706232
-0.92744046,-0.97991186,0.007478115785814143,0.015455206592069892
0.19472438,0.144126,0.11634451606980506,0.07607265987720574
-0.6784441,-0.48744598,-0.02251617718033294,-0.05175930928503081
0.5581451,0.3941221,0.06688381009642441,0.035362577363293735
-0.6344574,-0.7356013,0.20676090579004303,0.22385552876021153
-0.84177667,-0.68836373,-0.002048236411017368,-0.0006628847570447904
0.6463388,0.10176668,0.09906791510092683,0.06184311473481971
-0.47171995,-0.28668416,-0.06254453154150363,-0.1337772967515224
-0.45033088,-0.3120446,-0.12499648946921849,-0.14951336147225774
1.2012635,2.051735,0.2998959160764243,0.2196707556936497
-1.5855352,-1.5319829,-0.04917812226221918,-0.05337415192372985
0.60785365,0.13658565,0.024630134936177384,-0.05155087857328658
-1.0539637,-0.58592224,-0.029761406598238338,-0.13214095343782073
-1.5135895,-0.7015998,0.012183952242478702,-0.0243487508549165
0.68465495,1.1312035,0.06209610529108334,0.08755658314399883
0.37661928,0.092362,0.04089538505803003,-0.07838799246530657
-0.4948548,-0.38654593,-0.03427681278101158,-0.051634332867234345
0.5047768,0.9981823,0.08982160498538905,0.047471568179797696
0.6593632,0.10627703,0.28634732877072655,0.12078650230925844
-0.8386658,-1.1297203,-0.0800744554616043,-0.08632483242185152
0.09002612,0.13951874,0.005951446653858938,0.03485222036565183
0.5821338,0.46486408,0.17268315176268123,0.025291275506594324
-1.9010816,-2.0179737,-0.03405077069283946,-0.0307626608631435
1.801776,1.4065794,0.09999101832599688,0.08343619361032895
-0.4128986,-0.25325873,-0.11953271711174307,-0.12508576245357284
1.0754178,1.0920968,0.08807275611892296,0.09270999378964251
0.41421628,0.24028942,-0.0743055906279057,0.030189831648426813
-0.4920806,-0.162806,0.048863300460366466,0.014898766305884631
-0.8743028,-0.91974235,0.02106765323566917,0.02040926191111392
-1.0569361,-1.1703472,-0.025933446072566424,-0.04143059225924128
0.7320682,0.47791246,-0.017703035514328946,-0.20474291419368268
-1.8616321,-2.0071964,-0.016953201569921417,-0.03243001712029203
1.6027378,1.235876,0.13355561259888327,0.10877117254535107
0.6416484,0.25333202,0.013933250281661813,-0.013466412888830326
0.93359244,1.4275079,0.041204314558761834,0.05100438228133819
-0.91122824,-0.22848406,-0.03562052574009744,0.042819996818813044
0.65811086,1.6279047,0.029123449979323923,0.033825636414073657
-0.19729912,-0.12237188,-0.00968434297488835,-0.06932214581347884
0.81853074,0.595104,0.16689837054469236,0.1271584662080254
0.7965577,0.9311252,0.15330798796535594,0.13651480493594947
1.3583345,2.1474152,0.10359519571041265,0.08669753245015732
-1.5251888,-1.4613124,-0.28433507930724966,-0.24918950978378018
-1.0996277,-0.9106312,-0.045691670693561504,-0.024881667040902777
0.6142314,0.7777712,0.1964359935797576,0.1691768752031041
0.50996727,1.4284976,-0.15600231495292277,0.06448661194014771
-0.4817819,-0.3995375,0.035387115725703244,0.003288662094354966
-0.9076563,-0.9604133,-0.031004317333487852,-0.03233781006324288
-1.5601909,-1.163527,0.002336113233671,-0.03851008872296058
0.40332037,0.25650862,0.13628306574262972,-0.0029132564327757904
-0.9512374,-0.26976642,-0.02555307594708478,0.06898106706285237
0.5213603,0.9777836,0.06749418642647242,0.02603159562343338
-0.49999133,-0.17231712,0.08488255532443106,0.06708344603105079
-0.012118671,-0.2213436,0.19804352011485987,0.13522027161717093
-0.9165166,-1.1901008,-0.10341433190168003,-0.11370349090355525
0.063213915,0.13395575,-0.22766795785067032,-0.13862823102968727
0.74801123,0.34916043,0.051534970220297294,-0.07868118127767487
-0.23822783,-0.19467732,-0.0160512874066831,-0.050915274846432795
1.0929378,0.6336574,0.4355968964129384,0.35466546010811284
-1.1803668,-1.0303406,0.03712493734232125,0.0036361491167939963
-0.7975335,-0.6235287,0.018847061358387984,-0.059467936224178786
0.6170429,1.6246729,0.011163502397539715,0.0070931350399925375
1.1309747,0.96921164,0.045714649084243275,-0.005843541600324853
-0.58037347,-0.51737666,-0.025262230847375333,-0.03787760006567187
1.5948898,1.3899661,-0.06892146716633563,-0.08038553302278295
-1.5788599,-1.0746725,-0.01655031306039567,0.1346139511808626
-0.6679813,-0.5117796,-0.026746177901785906,-0.010170719383906457
-0.9434962,-1.0100881,-0.04404879581352239,-0.05706343669247427
0.23516487,0.28761655,0.1571743358071026,0.07201334727326791
0.10780894,0.10759258,0.1491204908428792,0.16288666883524017
0.47522065,0.02664929,-0.14704221558022523,-0.09737303437885975
-0.6343299,-0.43161187,-0.14435653571039864,-0.1215087172795174
0.7869011,0.85457,0.02449955075730148,0.15314152658353897
-1.3779143,-1.3898046,0.03204668019511292,0.02375257569419742
0.47395566,0.088065036,0.04584959731782734,-0.0814197477815064
1.2658012,1.2392026,0.03187698268241301,0.05080379919185973
0.6687335,1.6343654,-0.3001032069054333,-0.13386701614393703
-0.5816142,-0.4510117,0.001276173206796627,-0.013051017486415017
-0.4917601,-0.17826982,0.01640131739109657,-0.018526483850953623
-1.5277374,-1.2256937,0.008330151935152408,-0.06391697796412932
-1.1526935,-1.0854568,-0.019390099449805742,-0.04570502451371361
1.8318357,2.3515396,0.052332941330142546,0.033043788196248425
1.5324489,1.2263728,0.01233989662195678,0.04693522763894187
0.5519448,0.56968296,-0.007086282094658114,-0.01097159268918979
0.4755115,0.22598778,0.1495174246365245,0.20349689416531858
-0.45250258,-0.62182873,0.22266565863093388,0.28179767875923833
-0.047436677,0.21015482,0.027436017249409403,0.016073801881026584
1.8606423,2.3607655,0.04295792065591919,0.038568153908853375
1.8264023,2.361401,0.03356860662955152,0.01743066430436624
1.3219185,0.9980584,0.12412382151181234,0.1262632785003872
0.41356736,0.17812917,0.045254612950281325,0.08084677592704143
1.0066497,1.014041,0.04428446394121499,0.05684598341548042
0.02744151,0.28125277,0.04788239722272791,0.08088187939940944
1.8509338,2.3684833,0.033234897888370085,0.016100095035237683
0.85130537,0.7824596,0.009590750243570811,0.03720988275826931
1.7705861,1.5702435,0.03402320425479166,0.03545456387833634
1.0352029,1.0541716,0.12828765232101036,0.13072800579028088
-0.90261173,-0.7700503,0.058786827046471646,0.08102367158221913
-0.5872772,-0.31351554,0.02722617431083918,-0.011765301128284944
0.8694081,0.28865668,0.0763024679308828,-0.06159314578015043
0.59358686,0.37465534,0.03144205384795029,0.05482933513764676
-1.1805468,-1.3555744,-0.025755924575191713,-0.0204966678234908
-0.5226312,-0.40981665,-0.01163325400892612,-0.02687930869606886
0.5347699,0.27547956,-0.005065544580801995,-0.026708161363118432
-1.2308033,-1.117864,-0.042959897250533396,-0.051889607088471124
0.42634666,0.35045478,0.12120049217222162,0.1096435393745347
0.39250454,0.17564766,-0.1103996493264166,-0.1879271723126117
0.38931686,0.3368018,0.3117272913640564,0.29974244055865185
0.94971377,0.7297992,0.008340081820421341,0.02409733472046116
0.6469669,0.8135174,-0.012161079913135309,0.025726287180742213
-1.5777605,-1.8492374,-0.12435219080797655,-0.14183390424171782
-0.44169945,-0.37224284,-0.09256503673139926,-0.07855395377700686
-0.67137206,-0.6164131,-0.10731439474970528,-0.13282033550587147
0.8582998,1.734176,-0.015490901696461945,0.0062220425316299455
1.1904345,2.042374,0.3107250071485068,0.22903178436491434
1.2252525,1.1826459,0.013153337466567772,0.007263156685782812
-0.19329736,-0.10841997,-0.033362077904773385,-0.08735587774572467
0.94724774,0.4250405,-0.010336395510586849,-0.015130021440893038
0.7119564,1.6694967,0.0787906289689212,0.044555137844559445
0.78543544,1.7244228,-0.046505884770360884,-0.036531770825852794
0.54749703,0.34924272,0.008482675682527252,0.032744419299658434
-0.38790858,-0.4182378,0.03586067366398665,-0.05510176193236016
1.1614077,1.9904388,0.15912391897141198,0.1096232144843774
1.1865561,1.1223718,-0.009866801378098033,0.01048457771522604
-0.9742121,-0.26418176,0.02736334476618918,0.07851769541195269
0.8524929,0.8192671,-0.23907405608670107,-0.17845549976923136
0.93664044,0.6073506,-0.041647460967147554,-0.022385704496471148
0.53450227,0.35687715,-0.00956414811693207,-0.11107435031900534
-1.5969576,-1.8756748,-0.05776166470052502,-0.06503241706901597
0.54093874,0.1609605,-0.0042683607863014394,-0.03390153501933807
0.4815731,0.44872367,0.20052834078647408,0.08930028631368914
-1.2590028,-1.1458064,-0.03516957815381483,-0.03173975236439519
0.7282857,1.2226014,0.05647300225119323,0.03948164855515279
-0.32061768,-0.19697176,0.06499423820916772,0.014183518989859395
-0.54743576,-0.4860105,-0.3675159378528017,-0.35098207742644816
-0.8367883,-0.8868739,0.054924360348318824,0.04171769279605053
0.33306327,0.51344246,0.18344228717578603,0.17115592767758603
-1.5773945,-1.0439057,-0.018907893042883428,-0.07055778551084435
1.0442206,1.057585,0.11926994640365196,0.1273145669932838
-1.8587385,-1.9770122,-0.01984676865518753,-0.029486610815209424
0.8336625,0.75307727,0.014890296464505903,0.11362592265602267
0.5715178,0.22702098,-0.10792961956934427,-0.03400352755544872
0.31802735,-0.015180599,0.08812169556818544,-0.10155638172331077
0.5891191,0.9387806,0.11253612641829502,0.022175506383684263
1.7972689,2.3419988,0.057691395333627105,0.020412883590400277
-1.0444003,-1.1569965,-0.0571675371546676,-0.08307574743384083
0.22629738,0.10609308,-0.08363521798830317,0.16438617268617706
1.4755642,1.1847609,0.1141981852928271,0.11582111265344186
-0.9021412,-0.95467174,0.04316214591637613,0.050978531354310075
1.0122535,1.2444057,0.0768105007873865,-0.055980970802643526
-0.9115863,-0.8932642,-0.03367373784187444,-0.09178711704598352
0.33404207,0.2777884,0.2634893721515277,0.2658944454842903
0.5215202,0.98361295,0.0861547587604492,0.013059077397023167
0.26381356,0.44412065,0.08697391172560676,0.07275206857784067
-1.1935692,-1.0432377,0.02881823290760277,0.0002060053042844956
1.5317415,1.3592179,0.13904680945123116,0.1534332307215054
0.04931378,-0.31833506,0.01904410212287172,0.010865786845929981
0.48919713,0.17350543,-0.047484695619949446,-0.24200272218538843
0.66609037,0.80557275,-0.03128457453822686,0.033670930678209254
0.2075198,-0.0415804,-0.04065986401013991,0.009355636203389514
0.23666891,0.029044006,0.16886907341601587,0.13725608194188324
-0.2603136,-0.29075956,-0.035883884087494655,-0.0977894824738349
-0.85272217,-0.91316366,0.06059250892886725,0.06021488953443954
0.5154588,0.66792095,0.06704067111745482,0.09191279053979795
0.65080917,0.80402243,-0.016003374129291315,0.035221247488817164
-1.1952269,-1.144889,0.034631130757322603,-0.002600153220021939
0.6953927,0.36762998,0.20167783933329209,0.07502784065806217
-1.5635918,-1.4939206,-0.11376086548031905,-0.10191934037808226
-0.43713605,-0.23681974,0.025082556448972726,-0.020090625839536302
-1.5655572,-0.95518494,0.04535564290234628,0.18637730511941564
0.733539,0.31576732,0.17416393757462423,0.1424756263843176
-0.5277384,-0.46556914,-0.026446480081401935,-0.0427441996252218
-0.9980659,-0.52850014,0.022619753258269704,0.029741969725302686
0.041618895,-0.04817991,0.0854002597642986,-0.014287426653354092
-0.43390074,-0.31196076,0.02184724613288691,0.09828056512514777
-1.5673614,-1.3204513,0.03834834431595957,0.05273397396805013
0.48409903,0.16046518,0.025196083224107713,-0.14686224629271236
-0.5313366,-0.4680462,0.02872476852656569,0.006673773416546569
-0.49466744,-0.41699126,-0.03959704132620212,-0.06200718967100022
-0.44151857,-0.16757208,0.008200366079360921,-0.04193352253166657
-1.0089854,-0.7018011,0.2302989494427996,0.1170464377695245
-0.51210153,-0.45058233,-0.022162950950301852,-0.04260972715228084
-0.43713486,-0.22152264,0.025081364356077218,-0.04642719191886674
1.7754121,1.3745246,0.03359685002391233,0.025319874013818744
-1.3815651,-1.3350918,-0.2957631671722962,-0.26074807572964476
-1.0591482,-0.641967,-0.02457687538638531,-0.07609619607164031
0.4527019,0.21319553,-0.026021408157242354,-0.07185020417297797
-1.5413097,-0.869995,0.02109589468140971,0.10118736657418859
-1.1919873,-1.2072626,0.046667872153118184,0.043724513162193945
-0.86548525,-0.84887934,-0.00485943809899636,-0.07216160435902197
0.37397042,0.30399778,-0.010595220810165507,0.032068883112631064
0.19160041,0.37748107,0.1040699008764337,0.08363769856509112
-0.89739764,-0.28144747,0.01605395972338075,0.1289018010605659
-0.0750918,-0.17478192,0.12059622954623125,-0.0281371128653313
-1.5829014,-1.0112746,-0.03130492912507643,0.028449731630656006
-1.1808544,-1.1132071,-0.011638404162901628,-0.025747335164393093
-0.5978493,-0.46211365,-0.01401914762165013,-0.017905259498458226
-1.5988466,-1.0044615,-0.01680182258913354,-0.065936897753335
0.5311715,0.21866368,0.06110487143611165,0.10831166534301956
1.0768223,0.7777058,0.19470274246932995,0.2959642004521523
0.6124828,0.5157708,0.06961865946628365,0.022253167173064137
1.7739732,2.3344655,-0.019837025841879852,-0.009161253746907683
-0.23502758,-0.20417468,0.008245936197049608,-0.08140119194412715
-1.1935059,-1.1566257,-0.08917866716055367,-0.09680517002956868
0.008365325,-0.13125914,-0.13285637602105171,-0.2919853675517748
-1.824998,-1.9603329,-0.054308333940377596,-0.08840345180247455
-1.5858877,-1.3065854,0.047256655533630454,0.06076154047084703
-0.09523323,-0.16672675,0.034047470373762406,-0.03860426247214979
-0.022464922,0.0987382,-0.17877462782099388,-0.14051813428429627
-0.007967448,-0.3664525,-0.14842067038616877,-0.09742468243472308
-0.4190137,-0.19715033,0.006960211239851022,-0.043247220348175686
0.8385134,0.5185205,0.08214391284362765,0.10549999917767039
0.50317544,0.6023845,-0.0516861193476183,-0.04135392902958124
1.7000518,2.2545462,0.0540844161899805,0.07075808447941068
-0.37453592,-0.28642184,-0.007820310147718113,-0.046373268102641085
-0.22557847,-0.22999956,-0.03835531249229396,-0.10956765586323303
0.49817455,0.98205113,0.09067991640694117,0.021764081871449736
1.0917804,0.8488853,0.18915484503303182,0.2675510264705594
1.354374,1.0526433,0.01907493323950682,0.016573796059993207
-1.2530745,-1.4586123,0.021351956899614333,-0.03258457553133187
0.6993744,1.6822664,0.0395551756582585,0.0056246870751481826
-0.4222077,-0.19926825,0.010154215537107492,-0.06552745124315862
0.049047794,0.14775495,-0.08493588183365286,-0.02227305844909966
-0.44926894,-0.3127213,-0.010691266359623919,0.07083945901478511
0.63330084,0.45343867,0.029613480241151513,0.048034453247592146
0.6907305,0.26459077,0.02363463338139249,0.008578771597332946
-1.2140965,-1.1538651,-0.13482635774316498,-0.1570823649878148
0.37964106,0.10488938,0.1570293181611473,0.022169582500994267
1.726603,1.5382584,0.17100886521962422,0.1663309604255514
-0.15275967,-0.12394689,-0.030637074586928714,-0.09335127771378693
0.35132077,0.16377804,-0.07080462242056229,-0.04775854251159421
-0.112922885,-0.32704937,0.018006891423348104,-0.048883138617895394
-0.066856176,-0.13919699,0.11834894185861329,0.019398646695287375
-1.3849522,-1.3420982,-0.09163231067088451,-0.12321621645078618
0.48510876,0.2774793,0.07087094677589578,0.10450784536510338
1.8739836,1.4604621,0.1529274962643652,0.1047888287389287
-1.4863861,-1.7477019,-0.01451842338772491,-0.02399950024543851
-1.3189245,-1.3193178,0.1478186246115245,0.14140055906145688
0.019300053,0.27975374,0.11676271449858652,0.12848691202080426
1.7908558,1.6004905,0.15356293805635346,0.15373015618828934
0.7425932,0.36662465,0.16620959286951975,0.16434889145037446
-0.13673276,-0.14747812,-0.12891198120045982,-0.14987937101827342
0.3176631,-0.11386266,0.03715732610901901,-0.0679051218502928
-0.18782616,-0.49240586,0.023616535367115776,-0.06860005437327943
-1.1915588,-1.0726256,0.046239433966472676,0.06104251938255123
-0.7851447,-0.5611366,0.006458235941823043,-0.007290802470242164
-1.5433761,-0.8455139,0.004390661304329635,0.03393991366750604
-0.26385322,-0.14704621,0.07397929416093996,0.035597039222234506
-1.055524,-1.3024437,0.022027638376579173,-0.008132646697174728
-0.1456272,-0.10514205,-0.008927752878877343,-0.06836932842353644
-1.3929243,-1.3596126,-0.003453120377661767,-0.010614029893922128
1.844865,2.3662677,0.05873527012796509,0.033065929940347516
-0.6757423,-0.59785354,-0.13581887739077547,-0.14497887560298928
1.1474532,0.793606,0.07714281645155574,0.06595402403181583
-0.89669544,-0.8199081,0.11800898429005913,0.057594254687883595
0.9453516,0.24531591,0.04423268172067596,0.021730903102936683
-0.7726523,-0.73607373,0.1480739285718381,0.05354092031832025
-0.16406722,-0.07786365,-0.06259221060378614,-0.11791219888982868
-0.26615474,-0.5622979,0.10194511503134612,0.001291964660152578
0.8582983,0.32390767,0.05637064724040164,-0.05342842182104035
1.7882997,2.330529,0.027797490034429995,0.0023823024947802196
-0.29029316,-0.34027418,-0.03816802716726109,-0.0971639252738391
0.06938236,0.10510157,0.02659520244743041,0.06926938767159818
0.8133108,0.2302284,-0.04223975970279992,-0.16217027801540312
0.058780055,0.11276189,0.037197509022013464,0.06160906578029035
-1.2144313,-1.3695728,-0.026334896873823288,-0.01967142303873004
1.1660303,1.0009915,0.010659011724624134,-0.01656488987741389
-0.17591254,-0.14098716,0.006081217600288957,-0.008497146748472573
-0.08311747,-0.16405252,0.05981711389667138,-0.012520226250388955
-1.1679091,-1.0466232,0.02466732816568551,0.019918826767245656
0.5351514,1.0087694,0.05370304253227687,-0.004954176986277314
0.4768962,0.009145462,-0.2954931540007196,-0.23794693914907655
-0.42794055,-0.19746,0.015887049876249337,-0.004438580791931851
-1.2799823,-1.5283289,0.048259758527727126,0.03713199723020377
1.4955909,1.3205513,0.06117453570041809,0.07669566971743746
1.1459717,0.9658282,0.03071764362159679,0.018598393470669605
0.98371583,0.74728274,-0.06305854506118802,-0.12335503846536289
0.9315063,0.22448096,0.058078006236972346,0.042565855695786414
-0.7837912,-0.63486207,-0.1251721756904326,-0.1388623031052818
0.9193925,0.7121809,0.06603658274867186,0.01008153282408375
-0.49030274,-0.40023002,0.043907957324213986,0.003981178659677842
-0.4287683,-0.17759717,0.016714809380567575,-0.02430141143081735
-1.6999692,-1.6634718,-0.09399725218959598,-0.0677175079476493
-0.078985095,-0.17025785,-0.05748263276867857,-0.09221863584538326
-0.49768785,-0.26290202,-0.028021866649622473,-0.04549493428044993
-0.74839616,-1.0304371,0.1247954466509602,0.07043334854450134
0.4643016,0.48195687,0.2506746142943963,0.22889503533174582
-0.31046897,-0.312117,0.02417057707555198,-0.06409380871214182
0.41738787,0.5657657,0.2698464340548702,0.3530734784734454
-1.2212255,-1.0799693,0.0759060961826592,0.09018679564069121
0.54170924,0.21240468,-0.07812103869394754,-0.01938723186014385
0.06775089,-0.0827738,0.11817395549221926,-0.003349537879231798
1.0533961,1.8750298,0.04202288908224405,0.011386092432924988
-0.45022827,-0.4034207,0.03817477627853205,0.11747373778788445
-0.2362887,-0.44161877,0.04470381477524529,0.0056649581121094306
1.568001,1.2515268,0.11085320244611441,0.10313931540843702
0.34438473,0.058494356,-0.029160659353180296,0.021901987577735663
-1.2605131,-1.1482607,0.007281364105826027,-0.013700342855027747
-0.36339307,-0.33067235,0.17999632251542724,0.11346695418030686
-0.39020005,-0.3079283,-0.06988236576984008,-0.04843003981180122
1.2121885,2.0185971,0.06349171453779956,0.03888410947347243
1.1391943,0.7791855,0.08540175524092342,0.08037453337019473
-0.7077946,-0.23730384,-0.03972804305225175,-0.03305798214400951
0.5399252,0.10895703,0.08693686307255644,0.10947902418217878
-1.2891288,-1.2526741,-0.05979412355127045,-0.05827336115785875
0.28847408,0.04763513,0.07331237261447238,0.08860792354071836
0.54389197,0.4874214,0.1571521818822449,0.14903007569279447
-1.1697261,-1.0190501,0.0487267153158204,0.009229607471587187
-0.54162186,-0.16836885,-0.00865225709200057,-0.0021739358023927235
-1.880787,-2.0166166,-0.017706464654004828,-0.03211973941538959
0.4098149,0.40667546,-0.021386444041315122,-0.004186455954481805
1.5899141,2.2538877,-0.026671440391124346,-0.02515553989913144
-0.7651323,-0.7533719,0.038629947583307844,0.00859133630038078
-0.18920512,-0.45788518,-0.08010594284940203,-0.08456701545544953
-1.5443852,-1.214942,0.015372184266521094,-0.052775307190397136
-0.004347467,-0.10324892,0.09384784920620345,0.012301613079555546
0.6342456,0.6419745,-0.017038161540032015,-0.010068702199789392
-0.96629465,-1.2179706,-0.1316068957180898,-0.11700392762095868
1.4526123,1.2923927,0.04708065036177844,0.04715213173478228
-0.09175633,-0.28020647,0.0917982707101402,-0.03672519731860774
-1.0325483,-1.1454625,-0.06901956314038538,-0.09460972303503712
0.5683172,0.38314003,0.09459714618429726,0.11833309516768187
0.2595179,0.21960111,0.11901145232623211,0.13353498496504618
0.8306822,0.56154597,0.03400243824727067,-0.022594321692011032
-0.17194149,-0.21203306,0.06174912283209891,-0.038105197300784266
-1.262668,-1.2272176,-0.02001653680471871,-0.026213362664151196
0.67620504,0.6850157,-0.01292408497538966,-0.006447254497857657
-0.14255102,-0.06597822,0.04531301798387674,-0.0008492399237619019
-0.79260516,-0.66264147,0.013918710909779586,-0.08102586891986252
0.42683595,0.34159237,0.06473856679308876,0.08306833142190406
-1.06082,-0.64514536,-0.049302656937753486,-0.12644533343748965
1.3739978,1.1915412,0.10589694423365259,0.06905756939894103
0.7451602,1.6707501,0.09764866806290695,0.06964794108357086
-0.17021179,-0.10319691,-0.016973494322043398,-0.06604710974530056
-1.2778591,-1.1529852,-0.05688733796840628,-0.03996056035783657
-0.47903305,-0.39464355,0.005018586246032797,-0.015613358540113476
-0.63807994,-0.57049495,-0.14060650948435494,-0.16231845588062
0.40895927,0.22590727,0.04570753417328455,0.044571985397892755
0.12758794,0.08569753,0.08852301790035685,0.09850690049149916
0.79504097,0.84275997,0.028703011471486017,0.11801060808049735
-1.0034404,-1.0958999,-0.03298903673709952,-0.04537371302306781
-0.78322965,-0.66798013,0.0045431983098345174,-0.047578307341876735
-0.20041488,0.009211466,-0.038465651600595036,0.027119781488269018
0.07794404,0.11240982,-0.011663744989863889,0.014927443678671937
-0.47413942,-0.21135859,0.09850479793616762,0.045639778327282776
1.6810297,2.2638936,0.05184181203061966,0.05064948540461289
0.93200207,0.72230387,0.08361315447659168,0.045693509094459794
1.310923,1.2723578,0.04847174082029171,0.06449675091749829
0.6946073,0.29674655,-0.031448574383088124,-0.08842227783110879
-1.2638974,-1.1137339,0.011887825680062747,0.0044654100310757006
-0.51858544,-0.4792421,-0.01567903848234531,-0.04205885895502892
1.779528,2.3155334,0.026914480211422953,0.010049156232668999
-0.803003,-0.63822937,0.024316562376912154,-0.044767285055355543
0.6766604,0.2632978,0.046015073951590435,0.007181455288487237
-1.1891158,-1.1625932,0.043796358786418965,-0.0009448765625375
-0.2521324,0.02572421,0.013251853258375607,0.010607037359564947
0.9781572,0.9802606,-0.01937010796935046,-0.015779290731548268
0.41687077,-0.12903926,-0.2354677302355371,-0.09976221943008384
0.9295214,0.49718893,0.2997186408995067,0.23564914259227687
-1.5860314,-0.9816619,-0.028162629710902776,-0.001162928777364014
0.030346643,-0.11551149,-0.3088235348324843,-0.2547621353034268
-0.22719654,-0.2004403,-0.10651971218786854,-0.091351069688765
-1.5601999,-1.4929496,-0.2492995840250447,-0.21755231801131925
1.6947047,1.5010006,0.06395335529517454,0.05580833462699242
-0.8896201,-0.29584363,0.011698355212756528,-0.005595677937930754
0.1791953,-0.0077514565,-0.3090636343803861,-0.2497155252255146
-0.44521484,-0.15993214,0.03108375346489345,-0.03500879328142867
0.59905475,0.3763674,0.10993310843009196,0.06499166486141844
-0.49257037,-0.14641495,0.04935307182648585,-0.0014922874899298832
1.7927499,2.3013644,0.06294364698825228,0.061603889020134694
-0.88303566,-0.23559666,0.03224472824342639,0.0985433477048839
0.23159462,0.45661017,0.09939466536005387,0.0741778345568701
-1.3250238,-1.2856883,-0.41866505535733856,-0.36766817020113507
1.0408964,0.8738154,0.13579288375678966,0.11061115649404607
0.7054342,0.16945378,0.15313990395472998,-0.021800190075246723
1.3631164,1.3058003,0.057994884692728954,0.07790240825532035
0.7643173,0.74323696,-0.15089840167538515,-0.10242536461450724
-1.0358812,-0.9785123,-0.18117609007074909,-0.21795869607722884
-0.9337948,-0.9894709,-0.016475876372448073,-0.020998995091384698
-0.96782136,-1.2060245,-0.13008018234681296,-0.12895000973613202
-0.68435395,-0.5983137,-0.0943325031176252,-0.10175239256401347
-1.218593,-1.4256206,-0.013129568521528245,-0.06557634246095834
0.70245194,0.33214867,0.020223548110831158,-0.061669419612330634
-0.633098,-0.55231535,-0.07580597242248566,-0.09700629069339328
1.5891167,1.2705408,0.1780960834919567,0.13774557858260317
0.6480891,0.94869924,0.09120707548764628,-0.0020294916742080726
-1.350832,-1.3278674,-0.12940662116863044,-0.09699994420200375
1.0067813,1.1138026,0.156831384492228,0.13928195363231755
0.47123122,0.028732412,-0.029518782801040755,-0.09722970829559885
0.09881769,0.36488774,0.09505087180380309,0.046878120106911336
0.8289243,0.28612047,0.10798704980954255,0.1237900174976293
-1.2009786,-1.3902999,0.057125764630154174,-0.007942821872392702
-0.44486183,-0.3247244,0.020709444236311436,0.11911508454728939
-0.15830383,0.1276986,-0.08057670566343836,-0.09136735308757479
-1.6194165,-1.8924618,-0.12925855855672652,-0.14810162987031994
0.33065635,0.09105818,0.031130105902283656,0.045184874388820934
0.7623976,0.88438994,-0.1537449432722756,-0.08485122868542971
1.2036853,2.010629,0.07199491316145679,0.04685229680562575
1.0491617,0.9246104,0.22236335076095592,0.1839406149367948
0.30519956,0.12827931,0.18600832452595684,0.14219993809278564
-1.5338174,-1.2009073,0.014410183330110904,-0.08870333107539641
-0.78001946,-0.65832335,0.0013330113515215292,-0.007882186849547446
-1.0708294,-0.36488074,-0.05493625494241683,0.08867449711869008
1.5822179,2.2307756,0.023309711940875832,0.0193860706425264
0.55454135,0.42644697,0.10653980691895015,0.10536148811884072
0.39545506,0.57801366,0.12105049940837576,0.10658472587628598
0.76961887,0.18822832,0.20138934391269747,0.13243875249975084
-1.7113922,-1.5326619,0.030360910236922667,0.10157908416030748
-0.49885598,-0.38694412,-0.03540850372854587,-0.06385267675941347
-1.3314962,-1.3555169,0.16039031707826035,0.1775996519264471
0.10542197,0.13052428,0.03552923896585733,0.025200187258005158
-1.6913623,-1.7187098,-0.18722304848612015,-0.261294223070611
-1.039969,-0.8634083,-0.10535043648640818,-0.07210451974781196
-0.43420443,-0.36067337,-0.10006005259100315,-0.11832508532186387
0.20192862,0.35104242,0.03850233249288365,0.05413687239354781
-1.5377833,-0.83516115,-0.0012143828226736098,0.02358718291646844
0.81060773,0.29037583,0.21906175390493154,-0.01989657720510407
-0.8410828,-0.81553626,0.06239636059850029,0.05322243280754302
0.24251997,0.17995596,0.12391049825947542,0.061301175987629186
0.3742548,0.36435708,0.03910469804472083,0.10464702062131653
-0.49853823,-0.43390113,-0.03572625608984348,-0.07339175214654925
-0.84638524,-0.88687533,0.03384634712196044,0.01843419894633458
1.0196894,1.8757253,0.12131425129841089,0.053920803733760625
0.5642225,0.70151454,-0.030240782063984395,-0.015153553866862235
1.7383446,2.2576566,0.05832107313998902,0.06050449172907468
-0.13195813,-0.052687667,0.007222653730348097,-0.05161831788180314
-0.011568412,-0.0915118,-0.14078674357864474,-0.10519173276797894
-1.3154198,-1.5551472,0.1473691461084572,0.14428790015911885
0.7371626,0.71754706,0.08658138652489178,0.24322351587163504
-1.0805845,-1.319673,0.0371890831183026,0.005385807794191955
-0.28274798,-0.31315696,-0.08078775285509265,-0.12168362637868774
-0.86607915,-0.83970654,0.24150075218786593,0.15717372804994867
-0.7124162,-1.1964408,0.115335244072582,0.21324489687730874
0.3510417,0.20944834,0.07563878385554451,-0.0681030091675611
0.54756945,1.016311,0.04702892710605555,0.029342815471362638
-1.5841271,-1.1103762,-0.012175309996923955,-0.00408728170377648
0.66233015,0.3516715,0.15628096460316054,0.06120760067768305
1.1675116,1.037377,0.009177717092666127,-0.010369628135857178
-1.1458694,-1.3167138,-0.09489680845677007,-0.0725303717463106
-0.18602602,-0.36641046,0.0742449128919831,-0.14143903098898802
0.9152916,1.7986803,0.03848485656175182,-0.0021572063670523
-0.80692476,-0.60385334,0.028238309584553756,-0.013555893827510324
-0.48304555,-0.3130114,-0.0992478506433272,-0.0856494179695787
-0.55389124,-0.2882196,-0.04942244660840056,-0.10274142920074769
1.2475839,0.93489325,0.0527829495495431,0.07884820817151938
0.009945963,0.05801809,-0.01870321168431896,0.04083921073416
1.3004025,1.2527624,0.05911441002611695,0.0841849041382301
-0.105914764,-0.06415402,0.0072102304896937,-0.02465960371696206
-0.6067408,-0.35571042,-0.03763580618940532,-0.09759112770879713
-0.812384,-0.7756834,0.03369755860417656,-0.021511427012487983
0.46021947,0.04451703,0.17226431333621706,0.04051774517811532
1.848692,2.3641994,0.016045082060518467,0.0056337890150155445
-1.2865125,-1.1328632,-0.031124397825452066,-0.026222064219023622
0.9485404,0.9521803,-0.0662573514637228,-0.051987661842453625
-0.99220246,-0.8599219,-0.08785627749457658,-0.04590501488971488
-0.6540792,-0.51149887,-0.12460725191981026,-0.1230725655256798
-1.2081908,-1.1187928,-0.004466857563042215,-0.02786146039829651
-0.9134455,-0.90037996,0.13475902196019462,0.1031851257409605
-0.035724428,0.040259853,0.018656831506316824,0.06267926547943987
0.6044253,0.3165484,0.21418580411884658,0.09633068069286554
0.7045824,0.27332428,0.21839690270622902,0.31089845338750444
0.8581406,0.72181743,0.013387883641152842,0.05749771460073172
0.4444184,0.45525125,0.0030379550919064635,0.004847070162956324
-1.5219095,-0.8279477,0.020491705089657586,0.10199914858203418
-0.54981947,-0.6820923,-0.1220545809491822,-0.05211262604446354
0.9097972,0.9020996,0.02931395419510996,0.05560960099833068
1.8448341,2.3680377,0.04898926658283731,0.0238744205728616
0.39223573,0.37466258,0.02112376485532874,0.09434152655126343
-0.030265123,0.2580074,0.224133685662789,0.15375845710680452
0.2540676,0.08367208,-0.05078879096471703,-0.04891789584926842
-1.181742,-1.3512971,-0.07625597863471123,-0.044440845198598256
-1.578457,-0.91212726,-0.016953240459077312,-0.027931252981735044
-0.9824103,-0.46371204,-0.019311185568139377,-0.08829532295332809
0.5543573,0.08414615,-0.16678431700061147,-0.09855933900713369
-0.3979855,-0.23923151,-0.17404218797891102,-0.1751072111503073
0.58948064,0.59329903,-0.1420242828860751,-0.13320071440392295
1.7496649,1.5764437,0.1947538007119931,0.17777693486718338
0.4128194,0.18947345,-0.07449743897000671,-0.06696015225594665
0.50692546,1.0060192,0.12568053329086637,0.08286480857151446
0.6168627,0.8168081,0.04458507499250908,0.06306823120073002
0.9625095,0.8181027,0.14378625955785695,0.08774883274303402
-0.6780686,-0.6807397,0.3824821487759634,0.28365594156266855
-0.5161516,-0.24696913,-0.1127041768595608,-0.08109477013906291
1.7208909,2.1644619,0.1049831689106735,0.17587091574410207
-1.0200531,-1.1921794,-0.09984637090158266,-0.151144271899615
0.9404677,0.34629738,0.08920176998388052,-0.07581813177053376
0.8688899,0.8548971,0.430743621898519,0.4132159409219418
-0.15984309,-0.41058972,0.06492709409582964,0.03465721158085033
-1.6025606,-1.879162,-0.0982810151814757,-0.10934897833873158
-0.59081,-0.5297096,-0.014825695965783536,-0.025544683805906243
-0.29835787,-0.3670405,-0.08240961143139491,-0.14980756632014813
-1.8638492,-1.9973084,-0.014736147202855987,-0.022493415335615108
1.5892371,1.3920119,0.029855969030017082,0.016552837050033853
0.84954655,0.32965958,0.005239014882151949,0.0009337380270015849
1.8350188,2.3527372,0.019941508820870757,0.009674510787665902
0.16263835,0.38585892,0.16835093617399582,0.14492908434706175
-0.009954797,-0.092301644,-0.19971731033780976,-0.1416948756954041
-1.2059621,-1.1125376,-0.006695594440483621,-0.034116610239605105
-0.7059346,-0.50472426,0.05703619880482702,0.0694198322567307
-1.2435517,-1.1024605,-0.030211417407393748,-0.02332078894878742
0.79333085,0.7961999,-0.02445960365593325,-0.01085480886652479
1.1177288,1.1064823,0.13558675729530467,0.13528446647550263
0.045949183,-0.071694456,0.08106997114549558,0.009227119800598697
-0.2869495,-0.33575147,-0.06509841871462968,-0.13758809339522027
0.41066778,0.10622683,-0.052669862016272606,-0.14865614535699936
1.3803104,1.324616,0.07172023107408365,0.08255723322759012
-1.2206355,-1.4057614,0.05246267532792559,-0.005097909739257611
0.87023675,0.5898493,0.04027702105053255,0.04149990159288841
0.9765901,0.89356554,0.05307938829671621,0.03445771548303744
0.51965725,0.70476353,0.1151485404672663,0.13448014717753787
-1.1211666,-0.9992231,0.020087559300588698,0.004523884765542219
-1.1054991,-0.906508,-0.039820255555316875,-0.029004818343240424
-0.20959482,-0.21468136,-0.029652349694486296,-0.08740733218242114
-0.47687054,-0.30443636,-0.23704409222671052,-0.21547306019201817
-1.286431,-1.1359563,-0.08925615456428959,-0.07257461681697186
-0.836693,-0.87601763,0.024154095439678946,0.007576497644759872
-1.321794,-1.3274037,-0.02407359625599792,-0.03864836138618588
-0.7781405,-0.74447477,0.09575629022817034,0.019825001760193084
0.04692086,-0.10606958,0.020948179782080995,-0.12950400694996805
-0.19354698,-0.13375588,0.006361694305199644,-0.03548814364508465
1.2393259,2.036885,0.03635431581801196,0.020596212363487076
-0.5045275,-0.40395325,-0.029736972766555514,-0.0327427070095912
0.5359778,0.34388912,0.02000192893646402,0.03809801908641686
-0.47785246,-0.44828892,-0.056412018256820406,-0.0932355876277906
1.1028208,0.83665305,-0.09282723729059383,-0.04332984325982514
-1.0115681,-1.2453675,0.0934388855130448,0.01846843546236765
-1.0321554,-1.1398617,-0.05071419634722463,-0.07191610308535212
-1.3778911,-1.5605245,-0.08831772194421816,-0.17984895593670314
0.6828854,0.097668,0.28812280433902804,0.2229990769898212
0.35662088,0.14352049,0.18298255986608858,0.10998210420242693
0.10562884,0.109254465,0.2868325720176075,0.25037543368855875
1.6650043,1.2983809,-0.0013041811299652206,-0.008838277069572742
1.7366083,1.3714514,0.030604509204542163,0.03683503418715639
-0.99996865,-0.8682985,0.2212821971997576,0.2508892322291608
1.0378966,0.8440446,0.06839913931096975,0.061806924383506434
-0.086248845,-0.010856314,0.019685800139716922,-0.028975478608802216
1.7667861,1.5868548,0.09770662112842232,0.08248250156231673
-0.8031357,-0.7255698,-0.008425512484464437,-0.01726263233592995
0.6384367,1.1326618,-0.005830678104397302,-0.043777776229205756
0.9117354,0.9199368,0.027375730356303807,0.03777243421213683
-0.10766514,-0.409007,0.15353619737212096,0.06062678066283317
-0.3508581,-0.29038042,0.00687611302269997,-0.03072583873245649
-0.4036674,-0.123658046,0.06860681292158116,-0.011261584640149036
0.6914473,0.14760517,0.05383720697374583,0.016004632056883156
-1.1816661,-1.1952925,0.23628390232424912,0.2102411813320072
-0.870711,-0.2596038,0.022853160654620952,0.018927937456557076
-0.9548386,-0.9108098,0.13301164568623292,0.05711889352399102
-1.0367582,-0.8815378,-0.10856121949116893,-0.053975051783639594
-0.4808433,-0.4044692,0.029804503977642338,-0.009962299695707222
0.0693427,-0.08100261,-0.0103950663819255,0.02178217350472024
-0.51512533,-0.3044544,0.10099424993820583,0.10951345641721025
-0.52745366,-0.15808524,0.009687661878434395,0.004055274818973109
-1.1900609,-1.1426,0.04474145003397756,0.012458641703515294
1.3275366,1.2347449,0.22360717268842079,0.1766028701877802
1.755184,2.314299,-0.022312564953022918,0.00024398308527695534
1.7906784,2.3089006,0.015764120104001078,0.016681961103274467
0.11474861,-0.29175308,-0.046390730003030456,-0.01571618599151814
0.34019005,0.038090646,0.15150667898063347,0.1385067588425542
0.40551132,0.60686296,0.06748713171795989,0.04712177657943106
0.30057082,0.038094334,0.0038986880811784363,0.025696425294371425
1.2560964,1.2202803,0.010662431894320035,0.046255666533737916
0.7231029,0.13901336,0.047968115072132944,-0.07095524865653928
-1.5970562,-0.98062325,-0.03584841790462634,-0.04478239725262401
1.1891062,1.1353623,0.1887423538041597,0.1670751457722912
-0.1551728,-0.084508084,0.0304373217658553,-0.019797901431302653
0.5409872,0.31180125,0.10286221394666706,0.15358487361272666
-0.88839585,-0.34614775,0.0405379779687689,0.10547188491482429
-0.28907657,-0.21311764,-0.04463968990049977,-0.07867372798916478
-0.22993042,-0.2545059,-0.10561900561295184,-0.1590906715884135
-0.072921276,-0.1611036,0.11842570405499361,-0.04181542516696704
-0.961329,-1.1968935,0.3643702663362677,0.21379030317268588
-0.9018161,-0.7739759,-0.1285027379296355,-0.15764065593019294
-0.6766039,-0.6169293,-0.10208253744990059,-0.13230415928211658
-0.4429707,-0.17728812,0.009652484237701375,-0.0322174885961197
0.4471496,0.46744382,0.04112521984494133,0.03393653025337706
-1.5995355,-1.5305252,-0.14417780264607427,-0.122924012363822
-1.0461818,-0.87438744,0.01011901410089422,-0.011308653259095802
-1.4212455,-1.3927784,-0.13328520831046653,-0.13162966874935433
0.52594185,0.105825156,0.10092023194615263,0.1126108980878375
-0.9929324,-1.0730064,-0.02467654599186786,-0.03969452516533911
-0.4407953,-0.58565074,-0.13477649231148614,-0.08871843118393319
-0.22701721,-0.21831411,0.0002355636775565051,-0.06726176320934779
-1.2887957,-1.1367099,-0.028841182302685953,-0.022375299654509462
-1.5573463,-1.8294601,-0.009576513875254822,-0.013830785851301153
-0.0821838,-0.15965708,0.05888344438916787,-0.01691566647122178
-0.790262,-0.79967296,-0.08704873128757029,-0.06218159899078435
-0.8612418,-0.9081514,0.019738920741318222,0.017724092072995634
-0.8624578,-0.8928128,-0.006786978356926765,-0.018672985019178356
-1.7632813,-1.844284,-0.1841087491018627,-0.2044522646686855
-0.6926212,-0.6090558,-0.01628280719650299,-0.0402658279133945
1.724851,2.3060236,0.07059250119893101,0.040153592392848214
-1.0119666,-1.2704494,0.3187056134438109,0.21424457463585922
0.69536626,0.9576465,0.08157090614116513,-0.025170344213243157
-0.2272158,-0.2443484,-0.09904558983987544,-0.162197751981065
-0.68217677,-0.2503721,-0.06534588095813554,-0.0199897084804887
-0.93153876,-0.99054796,0.011576411951280452,0.026091297824369697
-1.259447,-1.5054401,0.027724408681840895,0.014243217590006019
-0.14308897,-0.07492652,0.044384432991467535,-0.013887107255093775
-1.4659574,-0.596246,0.0397604938375451,0.041548354476000915
-0.08534222,-0.13778843,-0.08876649002255818,-0.15326079334002918
-0.4408958,-0.2601372,0.028842298232114816,0.058238623816985385
0.0037222977,-0.11388067,0.010251696263898073,-0.034397640910975025
-0.8931575,-0.9340176,0.03992233091282371,0.0346845147301752
-1.482298,-1.4619913,0.045542078151507015,0.026919428667520062
-1.5911974,-1.8668988,-0.10964428308003527,-0.12161215716411
0.5682108,0.081738085,-0.18063780735324209,-0.09615127410530493
-0.88373476,-0.35052514,0.005812992587634458,0.04908583179526932
0.38379076,0.27086484,-0.012227426920004947,-0.00038559278432770405
1.4905992,1.3108188,0.13167139312358267,0.15285048856925476
0.54900193,0.3523186,0.0069777776112381895,0.0296685216060244
0.08934492,-0.0024924837,-0.03039728248261825,-0.05672795073162505
-1.1711533,-1.0976634,0.01935672086428908,-0.025798674395776766
1.3049623,1.2540399,0.08547403375122165,0.10637791899850035
-0.4515643,-0.21323301,-0.1772914719149502,-0.11483089477380565
-1.7102374,-1.7876225,-0.16834792641580765,-0.18571153376748883
-1.7176974,-1.5922003,-0.01912318639374533,0.012873189091893833
0.9409178,0.24320744,0.09205139188968525,0.06326603746338605
0.401725,-0.033603583,0.10757011953621098,0.04720651711237227
1.3989066,1.0760304,-0.02545760422082033,-0.006813278410526813
0.4978926,0.050664615,-0.08037792393435583,-0.03669060581307536
-0.936096,-0.86248404,-0.011730440559179378,0.01695675529001739
0.5244626,0.53178436,0.02039592949515512,0.026927007412281156
1.2122961,1.0963086,-0.03560682880577137,-0.06930121726244409
0.3954377,0.36521533,0.006311759821037488,0.0728968218978635
0.1488434,0.03738406,-0.08989575648450271,-0.09660449371706435
0.57894933,0.6721326,0.0035501611305773784,0.08770112633996885
0.62215084,0.279117,-0.010198497769516646,0.026521571454976856
1.1062113,0.7245457,0.12779494648107792,0.17805893109989834
0.643052,1.6344798,0.14769502884074737,0.07957203218507458
1.158275,0.89931005,0.11325001515151989,0.17426716804669784
0.48335922,0.6076561,0.18823208334367914,0.21850718177208028
1.1289778,1.1129643,0.07740879310004023,0.10217786656868233
-1.5777509,-1.0067761,-0.029538224763699272,-0.08273266651572464
1.1984465,1.144679,0.23293047871166817,0.19848388843308462
1.6829294,1.4793228,0.07572861049842161,0.07748618630393334
-0.2417347,-0.5491505,-0.027209736455683198,-0.11788992550104593
-0.14329444,0.03029491,-0.01590453216939583,0.07514896123129852
0.022462439,-0.08043814,0.1803275260791434,0.0754873470450116
-1.1607012,-1.0290467,-0.004049794779469984,-0.013985026151709157
-1.381233,-1.6380128,0.05614121495305047,0.04764621056272689
-1.8688785,-1.9778873,-0.009706826485998077,-0.008796117557867023
0.8798516,1.7840445,-0.03704268954970291,-0.04364642193827972
0.9539041,0.68201506,0.22278520715537975,0.3872020337842974
0.68178755,0.8542189,0.005446756539840281,0.06462025715233943
0.8192904,1.7181724,0.2389764560428862,0.13299138704106572
1.1783798,1.0891123,-0.001690474626389049,0.001441596642638876
0.7565665,0.7074406,0.06717745204613201,0.2533299602304607
-0.90560436,-0.26386383,0.024260684843925184,0.11131816263092417
-0.48574668,-0.51369923,0.0043995559516126215,-0.10222570724560842
0.6747441,1.140628,0.033877100076382116,0.034809188211665676
-0.94319344,-0.9904765,0.004532806346626894,-0.0022745981453656805
0.3434485,0.28886986,-0.022480503129086782,-0.06533152946440174
1.381199,1.3233345,0.10138439112702735,0.10703088882849854
1.2693027,1.0661955,0.11636735698053302,0.1579452075181289
0.38364524,0.053156152,0.02262601738669634,-0.16989313303532821
-0.9527815,-0.43275723,-0.00017781606367450742,-0.02063708475109227
-0.037004862,-0.31183866,0.13286021551141733,0.054371674976533224
0.3547845,0.5517541,0.1438782693989744,0.13173104391238621
-0.012134256,-0.35239473,-0.36985533958895545,-0.26844694794139035
0.5568445,0.68994653,-0.05280443149506242,-0.04913493788339762
0.19499393,0.40365118,0.12365204999708851,0.14318580143156667
-0.83229584,-0.6133713,0.05360938426106743,0.012289351513167346
0.87482953,1.3728969,0.061959606395649014,0.06238517162137169
-0.51725465,-0.28544644,-0.008455062479013953,-0.022950520475441993
0.373529,0.16748363,-0.11989925279229946,-0.12289597314872933
1.013018,1.8558054,0.08240098280172647,0.030610497721621277
0.755355,0.8692812,0.1945107119453059,0.1983588558201963
-1.7962167,-1.8684822,-0.08236858395517532,-0.1446123852535388
-0.825332,-1.0463316,0.22825105799546408,0.06313572500993814
0.006409526,-0.07462314,-0.029709882119831,-0.10194960475991044
0.31248486,0.115726635,-0.058855126043260764,-0.07123174883554806
1.1217004,1.1133426,-0.014549156724637635,0.01441145346196926
-0.1024396,-0.22093247,0.057752318732398236,-0.1569481855083562
-1.1444756,-1.018782,0.043396551686452955,0.024082791320718
1.7776923,1.5872437,0.08680040164600045,0.08209364085980209
0.34447885,0.19997017,-0.0503972753865814,-0.04795645082856251
-0.32283723,-0.64771557,-0.10278168331381415,-0.17786646010874707
-1.7812059,-1.7861683,-0.0973794176954097,-0.25345810664360746
1.1194139,0.67199534,0.0863616610601754,0.10221753239459386
-0.59852976,-0.22088294,-0.004050666183328611,0.023901097790087866
-0.7004262,-0.5060024,-0.07826022986323067,-0.06344543453067131
0.63373953,1.1232624,0.07488169821709867,0.05217476304839663
0.49569744,0.27470213,0.05294961197517378,0.009970719101478676
-0.529014,-0.4633687,0.026402154333603045,0.0019962989177977897
0.30722424,0.1992372,0.05920622908871431,0.04201993767013956
0.7834448,0.5327201,0.10226012380241667,0.19260372091745037
0.675794,0.70863384,0.2829931089076332,0.25575471114186665
-1.0682076,-0.66592133,-0.015517446217684139,-0.05223463281974594
0.70262307,0.36214685,0.2652076578600564,0.10741386199427294
-0.06809366,-0.15058018,0.0736350935608461,-0.06439876970336356
-0.3180989,-0.14281665,-0.37662860177950197,-0.3791336778389922
0.56902313,0.6733223,-0.09113624159339956,-0.07221569624224533
-0.43011686,-0.57223016,-0.05123026367996392,-0.04369478054120168
-1.8659339,-2.0102637,-0.012651415147191925,-0.02271125183442413
-1.1501104,-1.1138912,0.004790960036113789,-0.016250173871130702
-0.85666895,-0.90467966,0.033986543990059404,0.028538727868162472
-0.669673,-0.474181,-0.0595179764714745,-0.10779062835878139
-0.8144909,-0.84592634,0.01906155872640114,-0.011104247437593529
0.6935439,0.24604863,-0.06790394012307954,-0.03457022194410425
0.24195036,0.44218507,0.10883710404547675,0.07468764000995431
-0.6506521,-0.742017,-0.3098842849513235,-0.17150971209932653
0.24663043,0.17837207,0.11980004274647493,0.06288506511440684
-1.8494686,-1.9375447,-0.02911672142923538,-0.022551199570747915
-1.604386,-1.0703216,0.06540054518494487,0.25874759332067376
-1.4634137,-1.7264897,0.02906533335836281,0.026934437633115094
0.44283444,0.44167545,0.004621918724490082,0.018422862475578394
-0.62735623,-0.39094496,-0.017020347700940963,-0.062356587007884656
-0.98837364,-0.26708502,-0.050133366368746435,0.0350366367755198
1.7695541,1.5869904,0.12805775819447773,0.11759903732221888
-1.5920575,-1.1923864,0.005348650264979993,0.05602947323507679
0.6227688,0.6591343,-0.22101937187566356,-0.16443331515016874
-0.87211215,-0.2946032,0.02425428703935606,0.053927337833830635
-0.13309146,-0.050226584,0.06799495172911056,0.01994996000129433
-0.46823573,-0.13148704,0.05312695892512381,0.026253370290236583
0.7615309,0.8728965,0.1284514539309286,0.1428858758606455
1.2259463,2.063525,0.27521315583777683,0.20788071853849832
-1.2359233,-1.0841359,-0.016086303043081784,-0.025132587634329573
1.640703,1.4358658,-0.06145068083069383,-0.06969630261437887
0.561672,0.32816395,0.04429203009573235,0.06514095669222181
-0.5425324,-0.45555958,-0.0419608121673376,-0.08383124532320341
-0.1986606,-0.46405753,-0.07065047061849078,-0.07839465646573396
-0.92523175,-0.29587528,0.01357975300747083,0.12802278918069276
0.09297929,-0.1513373,-0.06715083011548058,-0.1435154409667554
1.1505847,1.1459432,0.02610460174385021,0.050366943782878204
-0.76825136,-0.7238213,0.1299853297686323,0.019209538066199294
1.6497203,2.2776546,-0.06533516777584447,-0.03825414273586114
0.55758005,0.72571796,-0.08445939146665771,-0.07173322296280527
0.7845861,0.7991282,0.1545250738469044,0.15858103559153136
0.67170525,1.6452717,0.06722430741408736,0.04261938273860033
0.77507234,0.7150698,0.04622742066706753,0.06916211463832544
0.55771446,0.43771565,0.10336669404968746,0.09409281279153969
-1.1916499,-1.0293012,0.04633050986368947,0.06577219555215985
-0.7926023,-0.6271261,-0.05122260479251761,-0.06190051798534679
-0.10302622,-0.020018369,0.037929705802730404,-0.0102582551161602
-0.11699648,-0.017879121,0.019758480210744417,-0.0489483405135141
0.65265894,0.81505746,0.03457536762763935,0.10378170086266658
-0.8304205,-0.6659389,-0.07854286603619676,-0.10778545459835431
1.8403419,2.3368816,0.04382676247424655,0.04770176243941249
-0.27995518,-0.3239207,-0.046306208049714304,-0.08262546179895136
-0.6376131,-0.569116,-0.1410733330622358,-0.16369740933749866
-0.8329692,-0.7474153,-0.18500636950060745,-0.18345911151886563
-1.257921,-1.2074958,-0.02476356992392037,-0.045935109108853345
-0.3067237,-0.3198071,-0.07526588155551295,-0.12904153862234807
0.44249856,0.5464213,0.008990753382636829,0.014609289182546448
1.4881872,1.3185796,0.011505737336876098,0.02096530788987261
0.70307773,1.0807217,-0.07658228576882475,-0.09119288790809255
0.9045286,0.67177576,0.05352523053639424,0.08212078747925022
-0.2721824,-0.33744043,-0.0798654992600551,-0.1358991361808648
-1.5793204,-1.5280694,-0.05539286015437006,-0.05728767369039245
0.80109286,1.2716868,0.09768865788372028,0.12027234204243209
1.5232599,1.3456516,0.1475284311934797,0.1669994862909634
1.8068668,2.3207536,0.038438830037292426,0.034329403542278314
1.7217289,1.361984,0.0018545336715218852,0.019863340003109187
1.24788,0.9626349,-0.09135549495157824,-0.058082131652623326
-0.0030338354,0.15888341,-0.03285425219974935,-0.03340151384956658
1.2381164,1.1991146,0.02864241140939572,0.06742139510276868
0.39770252,0.009084358,-0.12879640769968076,-0.13611865569556977
-0.83032614,-1.0900468,0.1370651672577452,0.03384193810784408
-0.17861836,0.131982,0.019419385696357344,-0.026538127377443238
-0.5629309,-0.43616426,-0.07655725756091492,-0.05786271030680051
0.5782384,1.071258,0.09237518547329737,0.060949041272402305
0.3494624,0.121336326,0.1781643714311667,0.14914292553480224
1.165305,1.1345489,0.13432853133760592,0.13356412026230435
-0.24761221,-0.21867874,0.02828543291943239,0.012791115321649532
0.9493458,0.699214,0.005774957667283642,-0.022872004671384838
-0.8340618,-0.25795236,0.038265812862009696,0.12266165704063917
-0.9168426,-0.21460184,0.005190578069268925,0.04674935263436708
-0.35664237,-0.26164433,-0.0554111321344013,0.04796414194742865
-1.7715265,-1.8752159,-0.10779212028539864,-0.17352043426249653
-0.2105065,-0.15864433,-0.02666308011571103,-0.06746685364747596
1.0147178,0.6385884,0.22857646865273673,0.30659701777736814
0.4994257,0.27006173,-0.008217821218366894,0.00041752019937590923
1.7437972,2.287797,0.09173153327164463,0.05986451389525138
-0.5380558,-0.47058052,-0.046437419013193315,-0.06890307721863265
-0.23666275,-0.27758184,-0.1640251305660808,-0.1854604093975435
-1.0100847,-1.1037457,-0.026344668565407625,-0.03752795363128314
-0.3393462,-0.07514351,0.021395160617254494,-0.046788514939992046
1.0931412,0.640722,0.11263431559356163,0.1333981287923931
-1.2877177,-1.1257844,0.1423982960804253,0.18832340919275903
1.0536091,1.1572762,0.18540776873891596,0.1612102314728996
0.6823517,1.1668347,0.10240696411947936,0.09524835025345602
-0.8298999,-0.762316,0.07321143354505466,-0.03487884148697529
-1.2674314,-1.1313591,-0.04715023893838288,-0.05397964812097067
0.4352033,0.2243843,-0.029665325854995483,-0.05808420499845299
-0.31996748,-0.2633716,0.22126294489713771,0.17455796164072301
-0.05479767,-0.17842852,0.03149731548673257,0.0018557733195039283
-0.52910197,-0.42712697,0.027590029648792758,0.0029547767336037256
-1.2844994,-1.1218972,-0.03313748509809611,-0.03718800755551044
0.45110333,0.15109736,0.05574756437250861,-0.05242559544408833
0.40869144,0.14165229,-0.13294151350094324,-0.370453763247604
-0.123148076,-0.18265498,-0.15520660443219209,-0.18752588173040807
0.30517504,0.3782712,0.025814251303275915,0.15251681523161376
1.8429098,2.3543015,0.01278371580539095,0.008666858227898366
0.66328037,0.8204769,0.0873814400358558,0.07433519440093961
-1.4436468,-1.7088467,0.0711371646937653,0.06801400110881661
-0.44969875,-0.1854083,0.05463257544442124,0.0049392695644840945
-1.8363714,-1.9172026,-0.1110064515568907,-0.13153373038981586
0.85446644,0.7760335,0.07022381136362132,0.07953743580358541
-0.4446111,-0.25706124,-0.15662499908162686,-0.11293407827203894
-0.7298616,-0.5393683,-0.0485804116999945,-0.06449674796597915
0.75625414,0.91920334,-0.01659131727024621,0.07923129484244307
-1.6272417,-1.5965216,-0.1667246939773157,-0.13466770993586952
-1.0407587,-0.29814196,-0.02341258130882462,0.05301320149472652
0.632179,0.9123113,0.1447581476954254,0.020164829393629402
-0.12653022,0.060657077,0.04224657768548171,0.10981759945698777
-1.0530498,-0.8953419,-0.09226960114400096,-0.04017097368152778
-1.9065975,-2.026311,-0.016325960315572097,-0.02242540157054096
-1.1302453,-1.3249216,-0.04171607057143478,-0.0381618220694282
-1.5257561,-1.7980752,-0.1289753294711442,-0.1426413385922609
-0.68477404,-0.5455284,-0.09391240958124825,-0.08904302212586901
1.0693592,1.0761638,0.16904666327223183,0.113745304856254
0.3986399,0.58192044,0.16235047254401835,0.14887671366505262
1.7499478,2.3035536,0.06614938345941779,0.029357695790068306
0.8703761,0.36405024,0.06653523801907624,0.04586025251159109
-1.2168547,-1.1164647,-0.016212199210037026,-0.037889294319028766
-0.71282244,-0.67729527,0.15423796941391232,0.05200069588613154
-0.66773844,-0.22435293,-0.0516756856758277,-0.03181529495016633
-0.5674335,-0.36948383,0.153302392123417,0.1745428987275435
0.46261907,0.39629138,0.2384250819867676,0.2402528625500001
-1.2768085,-1.2856183,0.10570257865968125,0.10770104657976742
0.92463243,0.60726655,-0.0039751429043581865,0.016753928315853983
0.75560355,1.6794168,0.13902279563275544,0.08723482681962436
-0.90092343,-0.95707387,0.059420534186600205,0.06664657122567508
-0.018228363,0.12202024,-0.07277687835434617,-0.05229228568011511
-1.541286,-1.8110933,-0.02564908729913329,-0.03221615323556004
-0.6516423,-0.5806422,-0.057261656130676575,-0.06867942168246799
0.4180237,0.09498682,-0.10279963497345007,-0.014590475623548746
-0.92931455,-1.1850407,0.11836440310184848,0.06250632163294711
-0.13421643,-0.19683975,0.035634105170848765,-0.0368784643983264
1.1043559,0.9639434,0.1335610713640949,0.10777842614183841
1.1748114,1.0469316,0.0018779362470240368,-0.019924252693352296
0.063033715,0.22879969,0.0671629252535757,0.06477895281732338
1.1850262,1.1758783,-0.008336869356003307,0.02043182224662332
0.89909863,0.3109011,0.002982582825261093,-0.12354254003186652
0.5069864,0.19629933,0.10459932802899474,-0.05319139717658611
0.9238313,1.8010397,0.1344355715481047,0.050124122293446094
1.721624,1.3342793,0.23281598735718578,0.17595982989875192
-0.19178753,-0.23430622,-0.0945108686422596,-0.14190460282720835
-0.5537323,-0.36917892,-0.07109054544848403,-0.03959368473935476
0.3661782,0.53919625,0.19468993458094563,0.1915081371845857
-0.037463773,-0.1453883,0.12696415538447522,0.05444100170040897
-1.8604634,-1.964419,-0.018121929444677276,-0.01558504223870183
-1.5421263,-1.157244,0.0034952829674073094,-0.08857992357181654
-0.28532946,-0.2758075,0.09741090887715223,0.002106009181431334
1.106147,0.97457504,0.3367177726089816,0.3074532734922346
-0.84693795,-0.22955833,0.05114196585425823,0.0942676284962132
0.09450638,0.19001628,-0.07478847268581856,-0.008223836590142336
0.5600132,0.31664562,0.10852285136701001,0.03927353102412584
1.8249547,2.342753,0.03073878057895052,0.02021537736241985
0.64654875,0.9525051,0.03640817451923839,0.015594184449725268
-0.9486419,-0.46164715,-0.05307960101918918,-0.09036020666228195
1.872703,1.4511842,0.15420816166200924,0.11406676853537645
-0.8743987,-0.7928651,-0.14357684984728714,-0.13791654955713717
0.44411293,0.2976976,0.010553876975332277,-0.02721835216466828
-1.1458352,-1.3354437,-0.07782148370840813,-0.04721387436101154
1.1503453,1.9895316,0.21540436684708264,0.15338950098212134
-1.8332206,-1.934476,-0.045364709176427764,-0.07203202716572532
-0.61697626,-0.37577417,-0.03192212419703455,-0.05953025695950159
0.6758085,1.6255373,-0.09978617812745949,-0.02011754043717784
-0.28097856,-0.17393962,-0.040516597710071656,-0.08018769577300311
-0.54318404,-0.42554402,-0.06868441508914891,-0.054474884637694676
1.0906788,1.9162041,0.050324880952341555,0.013441978164607793
0.34450153,0.2143576,0.021928947804382037,0.026899535691646825
-0.6867734,-0.6085639,-0.07321475076538231,-0.08732759376910693
-0.07137923,0.20391187,-0.0930748137914891,-0.2085843548585752
-1.1999487,-1.1236655,0.007455824581605208,-0.015288984982813503
0.24757394,0.4237028,0.1032135250202082,0.09316990786655222
1.7675112,2.31985,0.049930242030312266,0.03755222553089732
1.8928183,1.4731896,0.09755170181089334,0.07072454645157111
-0.198363,-0.23742004,0.010444453894394662,-0.03628145331532617
-0.23531619,-0.23989402,-0.028617597367210035,-0.09967319542355102
-0.7070241,-0.48921803,-0.050397642030774126,-0.13561270218143107
-0.22947061,-0.5321919,0.06526098936949615,-0.02881404339267335
0.45839918,0.29605377,0.11261248423765768,-0.001361905075687564
0.017772345,0.27475724,0.169985668918929,0.17272454788981134
-0.3853562,-0.3585086,-0.14890829415861484,-0.1830159182857496
0.060181655,0.24585769,0.015142253163665909,0.11627696521102443
-1.0393894,-1.2905539,-0.028814900902732088,-0.03310283786404611
0.6915547,0.843085,0.05910708271697762,0.05172709303298917
-0.30329672,-0.22012408,-0.5597153149643813,-0.5696492594142203
1.1424448,0.70386755,0.07274091053549836,0.11311165468909334
-1.0318199,-1.1313787,-0.020741327159543355,-0.03447868697736478
0.67512935,0.8637968,0.03862473660153731,0.09530396914496264
0.6728409,0.3376389,0.016837633408406716,-0.1665148582298462
0.71663094,0.28522807,0.044296594906845455,-0.01474882205907746
0.2642118,0.07945719,0.1413261842978213,0.08684289434866158
-1.3549515,-1.5881459,0.05356866990370768,0.032845835289796455
-1.5012512,-0.76116234,0.037449991461184995,0.12083925202683543
1.6495053,1.4741322,0.257761306538298,0.2778619798825601
1.839942,1.4251404,0.11449802566437572,0.08509874782172555
-0.44180998,-0.29138708,0.02975648447135737,0.04310419313122085
-1.0139911,-1.1055253,-0.022438299356118074,-0.03574839735686908
-1.1111736,-1.3278149,-0.04331159799258666,-0.02858915255012895
0.3706784,0.37256315,0.017750055125173525,0.029925848494599616
0.6182254,0.07353795,0.014258390303456436,0.011496821056973888
-0.72038364,-0.7189402,0.0379994490454616,-0.0057095684569394844
-0.6525302,-0.27499312,-0.010544666196219632,0.047397636527481274
-0.6881391,-0.5991457,-0.0905473697558088,-0.1009203713275938
0.10407623,0.13935643,0.04934049814211505,0.0713798240109319
1.8162396,2.3442876,0.01928912089524082,0.003373854181506264
0.41541886,0.18279114,-0.03468970515496117,-0.0902421109416581
-0.5411584,-0.4371169,0.0222924801782044,-0.031120401890757876
-0.9116141,-0.95509785,0.005583823516111308,0.011792442958899807
0.62917244,0.3124063,0.05622869787980933,-0.044246265534359785
-0.23018272,-0.28085545,-0.11465473396518328,-0.13979154240769126
-1.5801469,-1.1626664,0.003068318087947608,0.004416129449564821
-0.5994931,-0.5031216,-0.17919336441904732,-0.21327174497942858
-0.90912926,-0.2839862,-0.002522739801824825,0.11613371890824709
-0.7961955,-0.6435551,0.017509056292470015,-0.02265042968554598
0.68565565,0.8363801,-0.0733366799179731,-0.061517869559036154
0.14260505,0.25356263,-0.0686254640731711,-0.016851156439866843
-1.0751104,-0.36811095,-0.05065521093606917,0.0919047112376476
0.13323684,0.17304188,0.020179886810652192,0.03760160960245637
-1.2742593,-1.2791806,-0.038122490741780535,-0.06145277734331778
-0.5821101,-0.16201766,0.007760422086389829,-0.020770581857384868
-1.2546582,-1.3049401,0.4759717714413958,0.5240725520966528
0.48775306,0.29843822,0.03987369793682771,-0.027958969678324896
-1.1727008,-1.1949975,0.027381358824565938,-0.001751740028973492
0.31583527,0.52561975,0.18282749077157878,0.15786541566989354
1.2136407,1.1137133,-0.036951390382614635,-0.04449616930255562
-0.9231863,-1.1860865,0.0044460633181503395,-0.029958627206397415
0.6660921,1.6477543,0.17671679235718796,0.09264377066578522
1.010385,1.1164509,0.22863186503713373,0.202035479237487
-0.6869308,-0.49401367,-0.04226022643714222,-0.08805072629310529
-0.37314183,-0.11597259,-0.2557139586970242,-0.21209131032785228
1.7854501,2.3427167,0.00999341253010777,0.0034604962319595423
0.333171,0.52310157,0.1282173978209062,0.10574287378307679
0.7674085,0.32961455,0.010750789193673671,0.01804819595947199
-0.8056478,-0.74654675,0.0489593168649094,-0.05064808472733173
-1.4717319,-1.7380111,-0.029172582933623348,-0.03369026181160062
-0.9041394,-0.7635309,-0.07008462625102008,-0.09507674840737135
-0.46963993,-0.30440328,-0.10238774900643788,-0.10993544784941162
-0.6536191,-0.6041658,-0.1250673401728315,-0.14506765949573963
0.7034813,0.8726868,-0.04203352728333931,0.007189532374893837
-0.89206064,-0.92810017,0.00986148293946909,0.0067809211663146796
1.5966415,1.4174259,0.18816961725966164,0.21072217755891431
1.925846,1.4940065,0.10106513721742916,0.07124440754294481
-0.6279187,-0.5521093,0.1344727070522448,-0.01668917922722135
-0.8508005,-0.7459897,0.08017998843377627,-0.01882890032682294
0.58406687,0.7662359,0.02458577619870217,0.03330282023424802
1.214093,1.1977218,-0.009050722048917548,0.021965962641350423
-0.085051715,0.002035763,0.06309567995371791,-0.014129737091499521
-1.773741,-1.898185,-0.10484430340707962,-0.14144142878716215
1.0652145,1.8998226,0.0302044801161796,-0.013406697979977844
1.1582954,0.45333675,0.13657192838130938,0.09183039860099718
0.06553824,-0.06963777,0.1372517224118365,0.06468697796113022
-0.87400585,-0.91061664,0.004761063940436516,-0.0008691372294139521
1.2666959,1.251673,-0.030856441136509538,-0.008607488592950796
0.17106245,-0.104692996,0.01486239444418841,0.01847689183203255
-1.1980593,-1.1629939,-0.15086358346643158,-0.14795355601259508
-0.43617168,-0.6978184,0.124208979313437,0.008142402450491248
-1.4078813,-1.670649,0.035371636014871255,0.02981636450450753
0.7011554,0.34156847,0.059283262520193,0.0767839665236586
-1.725041,-1.7315555,-0.1248613603847093,-0.1481935368312346
0.53463715,0.97404873,0.09185829459921724,0.015480114334949446
0.6277428,0.19380389,-0.09107245271669084,-0.0667449310869574
0.71373683,0.13943498,0.2572713805986411,0.1812320981895244
-0.8342475,-0.8822201,0.05238359315547825,0.03706388134127758
-1.1238099,-1.305731,-0.06513879168861814,-0.06384617552659866
0.63299376,0.5299767,0.049107687920110554,0.008047234555876637
0.3540575,0.11350183,0.18554594702162142,0.14009353027128763
-0.70994157,-0.5252186,-0.04748017348295308,-0.09961212258586527
-0.6052107,-0.54046226,0.020717524929830367,0.0009786600135756052
-1.1959361,-1.0899503,-0.057295619346017235,-0.07201073237376554
-0.23774455,-0.10508536,0.17961406807785615,0.13640709958881536
-0.21124387,-0.15228766,-0.008082907334397565,-0.05359996529625513
-0.23642898,-0.19465844,-0.0356929444056403,-0.07125048304436155
1.2718422,2.07144,0.0939074510298219,0.0714811557596482
0.72165984,1.2105603,0.10110644952334547,0.0948456873931256
1.7386163,2.310474,0.03678456467612379,0.025591491293466717
0.0814616,0.3539089,-0.02666913818327106,-0.06283501061279612
-1.5514458,-1.1552225,0.0031968223344922553,-0.0687079604778329
1.1358846,0.9876868,0.0408046568662257,0.017983775562350424
0.33106202,0.5154029,0.13032638896699383,0.11334876028860308
-1.3131325,-1.5548209,0.14495966648545733,0.14396162433361837
-1.4534117,-1.4302362,-0.14187632900471758,-0.125156565062283
-0.17906098,-0.00900289,0.12093049387817964,0.040324632003013276
0.5814151,1.4528503,-0.16096738871897714,0.07390160176985106
0.29327357,0.034066796,-0.03793287999496886,-0.03243101408256758
-0.3728201,-0.34222642,0.06819006681687251,0.03308731120041902
0.3546818,0.29542074,0.023847570547515073,0.05771535851450754
1.0603843,0.83028996,-0.050512967752826654,-0.0370595180297818
0.26599678,0.24956703,0.33153466047588376,0.29411581427396316
-0.1850023,-0.16103521,0.0016055513648382536,-0.0561701894316011
1.1306213,0.82907844,0.13149346350639735,0.20173244936242773
-0.73229086,-0.74742204,-0.08024802944206544,-0.12101909294667079
0.033724573,0.25517744,0.04159933564385809,0.10695721275626674
1.0876842,0.7032918,0.1463220966351917,0.19931287454319668
1.0504731,1.87262,0.04494590086202921,0.013795908221194031
-0.79957473,-0.8301789,0.004145377162070085,-0.02685167537796218
1.3084794,1.2799037,0.020240335755859817,0.03366599773703327
1.8280338,2.3514328,0.026926457932809233,0.01097889883393055
0.79404986,0.8199008,-0.025178614485858786,-0.034462933168833865
1.163469,0.71221757,0.02348606520858998,-0.023722902787326694
0.6548434,0.21250692,0.18283263878415013,0.05797233143861846
1.6098052,2.2232091,-0.004277582637676414,0.026952522668893586
-0.62233305,-0.3822297,0.005942786285698665,-0.028491061022248743
1.8835355,1.4613798,0.14337561352052974,0.10387115562796678
1.1962236,1.1638199,-0.01953431713279774,0.011338953479281377
-0.4815555,-0.37377048,-0.0527089902931821,-0.06292548584488783
1.5324526,1.3233135,-0.006484290461928888,-0.013732877421281486
-1.2123426,-1.0767794,0.025838114232682896,0.017234869800983432
0.35658878,0.2936069,-0.04906400238744968,-0.10597003588839524
-0.49196085,-0.35196298,-0.04230362864080783,-0.09883380831306338
-0.54927045,-0.17731276,0.03150445198234675,0.023282794450358912
-0.57718164,-0.31336328,0.017130637602007392,-0.01191756119336368
-1.5907061,-0.953529,-0.042198458340417355,-0.07187664220959422
-0.88146985,-0.93461525,0.051576992555699364,0.05300097748735144
1.2679334,0.9677452,0.03243344698606654,0.04599627373853599
-1.4984823,-1.2561696,0.026541865732480296,-0.1786240180118388
-0.11401302,-0.43421102,0.06211529707890289,-0.01306056854780313
-0.65271074,-0.59403235,-0.12597571495920845,-0.15520110475864857
-0.50465614,-0.14470321,0.04310718976833694,0.01906044092895745
0.006713461,0.23541412,0.06861044702252783,0.12672053344069972
0.22425346,0.4452927,0.03365365806569709,0.055438262449164166
-1.1686974,-1.0236171,0.02337795325358205,0.012034030727460898
-0.19077127,-0.12764286,-0.028555508390496503,-0.07824477227734186
0.45823467,0.2606358,0.06939209359913545,0.009843458328800958
-1.1524022,-1.0202675,0.03140274452114267,0.010446972736479765
-1.0080624,-0.3201527,-0.05610894761894425,0.07511671373569107
-0.124634854,-0.43860716,0.012853745549320283,-0.06924233876067076
-1.2878015,-1.1483815,-0.026780113167814035,-0.03695727682885641
-0.41888112,-0.21695435,0.006827620707548165,-0.047841352429148
-1.020201,-0.505925,-0.037370949344139204,-0.159260079851679
-0.9736643,-1.0492842,-0.04394464148518451,-0.06341669694878638
-0.65317243,-0.5165255,-0.12551401738077828,-0.11804592701783678
0.72715294,0.7282618,-0.06387198956218165,-0.049693404514642325
-0.21058966,-0.24113445,-0.08780761991398761,-0.14426046289988764
0.49988997,0.38815525,0.10350760187259889,0.10719514183441836
-0.9276772,-0.97386426,0.007714865434861995,0.009407600123869209
-0.4782173,-0.39069632,-0.04064859419313349,-0.0775409760789903
0.101621404,0.17464222,0.08137038110991321,-0.002868783423565391
0.93142855,0.3387304,0.058155730693759455,-0.07168358235162264
1.5205581,1.328352,0.058694163224481954,0.037817482747864783
-0.5335086,-0.26521662,0.0007106486380927812,-0.019802643928066244
-1.2282579,-1.0879444,-0.02375169877977612,-0.021324089251761214
0.7204398,0.91388094,0.03767688625546095,0.025738384645491164
-1.1065468,-0.9087655,-0.03877264431874461,-0.02674735202701728
-0.15956724,-0.113105394,0.005012283417967139,-0.06049875259172385
-1.1048285,-1.2990644,-0.015071042265413226,-0.04425931553975171
0.2909774,-0.0077008037,0.007381566042971188,-0.09141013861701743
0.52417696,0.9525573,0.10231849252478487,0.03697152268303294
0.61550033,0.13778047,-0.1681661862914237,-0.09551203356260302
-0.3582999,-0.09098616,-0.017334713219914533,-0.07473265116280664
-0.51306,-0.45092782,0.06202117210660962,0.03649633205821429
0.8998377,0.47502452,0.03707367538556183,-0.0651140295146998
-1.2196796,-1.1332417,0.007021937717414328,-0.01341257924900452
1.7959505,1.4133039,0.016480308299390067,0.0225348409915358
0.4757848,0.36644527,-0.17840354160905736,0.056267288642733226
-0.26322424,-0.5863941,-0.058026492071249824,-0.13352449552883772
-1.2751228,-1.1291876,-0.059623668000754915,-0.06375819162156948
-1.2513142,-1.1444826,-0.022448985309005076,-0.025271007196808526
0.8247367,1.3149519,0.07404480660350787,0.07700723774860885
-1.1743516,-1.1311377,0.029032169066265157,0.0009963108853390246
-1.7900413,-1.7319065,-0.14509100525857432,-0.316829789044601
-0.065647215,0.049698308,0.048579618606393496,0.053240810374611994
-1.0017035,-0.26639512,-0.0016067393164296284,0.052158318421533456
0.29573193,0.3278718,0.0029936556916949075,-0.057392547931117255
-1.0913944,-1.2745848,-0.13226222047903802,-0.10807283928105549
-0.898298,-0.20162687,0.047507093584612914,0.06457355796146044
0.63980013,0.2901641,-0.027847790715378462,0.015474446592305957
0.12328738,-0.14235827,0.04308371178153708,0.031372947223092626
0.5890106,0.1472513,-0.05234022205339128,-0.02019233261054748
0.48445302,0.11874365,-0.06693835803736792,-0.1047696415422452
0.2181353,-0.11861947,0.08547872969364462,-0.12790081239050713
1.1418463,0.891008,0.01467818787160291,0.013544769973963589
-0.17617102,-0.17558658,0.021616066190985023,0.002075203315221652
-0.777369,-0.7593796,0.13910299267527904,0.05476788099985408
-1.1423442,-1.0035099,-0.022406714068105238,-0.039521801740698415
-0.80919725,-0.5571196,0.0305107962712603,-0.1865477266583574
-0.22948553,-0.23607728,-0.024793590062856807,-0.009515319096921077
-0.7025912,-0.5188812,-0.05483055867200948,-0.1059495268369639
-0.49946287,-0.34387985,-0.02624684032821134,0.035482893030112206
1.301513,1.1219683,0.08415712615320148,0.10217242614605859
0.28560203,0.018016852,-0.08550070992369971,-0.11564349677787855
-1.4538971,-1.4505396,-0.018031141135389284,0.01574601334497272
0.5375945,0.5239837,-0.04931967279994087,-0.022603362896952528
-0.4475949,-0.277107,-0.2663197181708481,-0.24280241567030492
0.81718284,0.40773448,0.10298560431790615,0.1257438141290368
-0.01695514,-0.14350094,-0.06793955326516792,-0.009230267361907324
0.2920069,0.14605612,-0.009902016107651346,-0.15833562685000335
0.27448013,0.06937937,0.06371960132543508,0.05313393099362229
-0.29872748,-0.32985866,-0.07397407805946749,-0.11193957479693628
0.65693295,1.1522895,0.08981810636682797,0.06656337421263037
0.8089792,0.6599789,0.051916902568247325,0.1595978046145945
-0.342993,-0.17398044,-0.32411483080088455,-0.33396181899060284
-0.51722246,-0.45884034,-0.017042017894424166,-0.08268416479339424
0.9178767,0.4001298,-0.06309115384190811,-0.0695364758630741
0.21813259,0.22707978,0.10454635526966899,0.09071147033419802
0.6331484,1.6004313,0.05408593481590229,0.061298966911815356
0.36578405,0.16804546,0.16184271234303194,0.10243379036005096
-0.4680255,-0.36935633,-0.08872579756387411,-0.08273921843320864
-0.97767824,-0.9580743,0.15585131109913575,0.10438335027295342
-1.091132,-1.2540197,0.2855591774695001,0.11256054743763033
-1.0020511,-1.2637691,-0.041344327907698375,-0.050517984587094666
1.330507,1.0284417,-0.030140224354875844,-0.014700208919850244
1.6645479,2.2846136,-0.059020276538738425,-0.034451943960134734
-0.38925862,-0.6750974,0.015457163646903471,-0.09797758214936558
0.61315995,0.2735182,0.07651857212910984,-0.1024869169567113
-0.24536684,-0.1850175,-0.02675507890995854,-0.08089143002865262
-0.47864923,-0.2666452,0.01868902534073924,0.02476334006870967
0.8427946,1.7460251,-0.21458819561958065,-0.11425906069975356
-0.48772898,-0.36647263,-0.0875983895699265,-0.09508532049096502
-0.8551264,-0.26301226,0.03317724168960645,0.07493620848003807
0.25004372,0.20626236,0.030472430935608363,-0.09024287066234342
-0.45896655,-0.54571795,-0.022380572527391285,-0.07020698614194021
-1.1002841,-1.0704197,-0.11677315218164996,-0.12605131406581527
-1.0235738,-0.3408275,-0.040597554071886144,0.09569874002507625
1.1848872,0.9959749,-0.04852749617276353,-0.04457395432578759
0.49057472,0.3784747,0.1263882734438574,-0.03489378594702497
0.746017,1.2464415,0.03874169331412047,0.015641578784339805
-0.42936474,-0.26038995,0.01731124325851252,0.019992398787680943
-0.98606294,-0.85412467,-0.15925645998875804,-0.08138818159015815
-0.6966774,-0.5074074,-0.03251361531882557,-0.07456419794267422
-0.9576941,-0.83381104,-0.07836867062582087,-0.05188505163174595
-0.48987073,-0.24478367,-0.003330864162113256,-0.030773193453027425
1.4909737,1.4015046,0.36533087264078845,0.2868502489399125
-1.1915219,-1.1682793,0.02041596138062851,-0.00963796842725162
-0.70598036,-0.96598613,0.019685413948974162,-0.04838004373871563
-0.80601007,-0.57373816,0.02732361670583061,0.02154526094029241
0.562432,0.15185101,-0.10678749952829364,-0.07961830901538033
1.1921339,0.9994731,-0.015444604036179088,-0.057349013222950385
-1.9139825,-1.9444228,-0.06999755262865603,-0.10431348121379047
1.3484695,1.2454567,0.2025520488774939,0.16589108105661565
0.6861778,0.9013523,0.027576300436681356,0.05774845337881884
1.1931906,1.0578697,-0.016501275178757213,-0.0521990843352631
0.29960996,0.28339985,0.021358027649798106,-0.05986152180639698
0.39750686,0.16721289,0.06131511428733272,0.09176305369326915
-0.84996265,-0.8966376,0.05783299268970099,0.04368884611936996
-0.17328008,-0.49041814,0.0614989662462464,-0.017431358917531115
-0.28047562,-0.26460806,0.05369397119880437,-0.020967819088940687
-0.7600544,-0.65646696,0.4644679800366446,0.259383201675431
0.20839192,0.21399045,0.1142870208246693,0.10380079933848574
-1.3296853,-1.5758046,-0.04282429351241146,-0.06502809598285819
-1.2127836,-1.1223716,0.0001259187354807345,-0.024282678316692508
-0.9350285,-1.2034552,0.061628529745806904,0.02674394320391249
-0.46131644,-0.33085835,-0.09299064688968939,-0.11038327395704572
-0.53823847,-0.47548455,0.08719966417585401,0.061053058275484184
-1.3328142,-1.1743098,-0.053383037541142375,-0.036818575904612905
-1.0911164,-1.1150502,0.3124299776181536,0.28983924248822845
-0.4362003,-0.3356079,0.02414679332832148,0.08426363374192525
-0.29702047,-0.32495672,-0.01995288659979655,-0.074539028321364
-0.4714211,-0.20680913,-0.019702911741082907,-0.046576028986187124
1.4872628,1.383593,0.1692267791391664,0.1435300548398486
1.785772,2.3393652,0.0741989472057234,0.03946650147782815
0.14750695,0.3852088,0.046361610724968555,0.026557078761315023
0.45434862,1.4349036,-0.03390089568461435,0.09175555327018858
0.44765472,0.36499977,0.15574284757724977,0.1303506224576636
-0.21332927,-0.27255857,-0.08506801162617633,-0.11283634283133753
1.5316786,1.3719867,0.27293077986209147,0.23371129491166154
1.0929947,1.0897614,0.01415655940848004,0.0379927198651675
-1.8133293,-1.9039378,-0.121802993707671,-0.14479850566599994
1.711697,1.3572853,-0.03284274806200327,-0.002619113165171383
0.0076960176,-0.28101707,-0.13230927992999997,-0.14232021447901833
0.46377608,0.964798,0.10638010214406879,0.046160426315511316
-0.7179207,-0.5830264,-0.06076573017985054,-0.08410681149841881
0.9172703,0.6500354,0.09834491926998767,0.11805476374036183
0.6084483,0.70699465,-0.15695900848488636,-0.14596407412159174
-0.94388396,-0.29750097,-0.0029648097977146293,0.11183690045765277
1.0174849,1.8565454,0.04078195225870651,-0.0053816302700304686
1.7705461,1.3776541,0.17582800046734515,0.13944993115706072
0.51465225,0.06655457,-0.06731810756370155,-0.02428612963432314
0.97606647,0.98455274,0.07486772638475747,0.08633418932520942
-0.8236219,-0.6940824,-0.15060209708765948,-0.16452527908135206
0.16301143,0.3514118,0.13265888131275877,0.10970698205050372
-0.9477681,-0.42545447,-0.005191222340377388,-0.02793984582897313
1.0472393,0.5582255,0.05490129540106925,0.011247010810657043
-0.1625118,-0.08182429,0.04779762318765937,-0.0048556590588020865
-0.2941648,-0.35299814,-0.0866026789820541,-0.16384991398974957
1.2163117,1.1579652,0.21506529774242988,0.1851976554847814
0.9569536,1.4495293,0.093980611383079,0.11562886326996757
